Crop,Soil_Type,Soil_Moisture,Temperature,Humidity,Rainfall,Nitrogen,Phosphorus,Potassium,pH,Area_Hectare,Irrigation_Hours,Yield_Ton_Per_Hectare
Tomato,Black,45.1,27.1,67.1,770.2,82.5,67.5,39.7,5.91,1.86,1.8,25.1
Potato,Alluvial,44.5,13.8,51.4,259.7,41.6,99.0,120.4,4.28,1.83,1.1,16.23
Potato,Black,43.7,22.8,95.0,602.5,123.7,69.7,85.0,6.26,1.43,1.4,21.79
Sugarcane,Sandy,58.4,29.0,42.1,1287.3,136.6,100.5,68.1,5.39,0.8,3.8,67.31
Potato,Black,58.1,20.6,71.2,22.5,136.9,80.5,111.8,6.03,5.63,2.5,19.84
Cotton,Loamy,22.8,19.6,31.9,155.8,119.1,31.9,61.9,8.04,9.3,3.2,1.65
Cotton,Sandy,31.4,26.5,43.4,211.2,124.4,77.1,48.2,7.8,1.64,3.5,1.84
Tomato,Clay,54.4,35.5,20.7,642.3,112.6,64.0,92.3,4.71,9.12,1.8,23.31
Sugarcane,Loamy,50.4,22.0,73.7,1671.0,134.1,80.3,62.4,7.27,8.17,3.7,66.36
Wheat,Alluvial,37.9,10.3,64.4,734.8,120.2,55.3,5.0,6.16,1.64,2.5,3.09
Wheat,Red,33.1,20.8,47.3,382.7,152.6,80.1,29.0,6.43,3.78,3.4,3.35
Cotton,Loamy,75.4,12.5,48.6,654.8,60.3,36.6,46.6,8.12,9.84,3.7,1.56
Wheat,Loamy,27.2,17.5,61.5,486.4,73.5,61.4,13.4,6.88,7.06,2.6,3.03
Maize,Clay,35.9,21.4,72.2,300.0,146.8,86.1,5.0,6.35,1.38,0.8,2.73
Maize,Alluvial,59.4,26.4,63.8,812.6,119.6,64.6,47.3,5.63,0.55,2.4,2.68
Maize,Clay,28.6,29.3,45.4,955.8,174.8,43.6,64.1,6.53,6.75,1.3,2.57
Potato,Red,39.0,11.5,58.8,588.7,128.3,96.5,100.3,6.66,5.98,0.6,18.79
Maize,Black,76.6,27.2,33.3,621.0,149.8,70.1,36.8,6.47,5.75,2.5,2.76
Tomato,Loamy,37.9,18.2,58.3,40.7,69.8,37.6,61.3,7.41,2.91,1.3,21.06
Wheat,Alluvial,27.7,33.1,73.6,453.7,129.1,65.1,40.6,7.2,5.26,2.6,3.19
Potato,Black,49.3,24.1,48.4,438.4,105.4,81.6,150.0,4.01,3.22,1.6,18.7
Rice,Black,61.5,35.7,61.0,779.7,78.5,63.6,31.7,6.17,0.99,5.9,4.18
Sugarcane,Alluvial,63.1,22.1,83.9,1274.4,128.0,58.4,56.6,5.87,7.04,2.5,64.51
Wheat,Sandy,22.3,29.3,91.8,985.6,74.4,50.3,71.7,5.93,0.64,1.8,3.04
Rice,Loamy,11.7,18.8,56.2,713.4,149.0,21.4,39.0,6.1,4.06,3.6,3.8
Sugarcane,Loamy,82.5,38.4,65.2,1981.6,168.2,90.7,34.1,6.66,8.21,4.4,60.33
Wheat,Alluvial,24.4,26.7,46.8,422.7,107.4,57.8,5.0,7.39,6.73,3.6,2.82
Rice,Black,69.5,13.3,44.4,1717.3,113.5,48.4,5.0,7.11,5.9,5.1,3.62
Rice,Loamy,78.9,14.8,62.7,1617.7,122.9,27.8,28.4,6.63,4.09,3.2,4.29
Potato,Black,44.4,15.6,53.8,755.8,123.1,85.4,66.4,4.0,1.29,2.2,17.87
Maize,Clay,43.8,26.0,64.9,1244.5,166.7,69.9,41.4,6.25,4.55,1.7,2.53
Rice,Clay,70.8,17.6,66.7,629.9,108.7,46.3,6.4,6.86,7.23,1.2,3.54
Rice,Alluvial,64.6,27.0,49.8,1181.2,138.1,65.4,62.3,6.07,4.06,4.2,4.23
Sugarcane,Loamy,66.3,33.9,67.1,1528.3,200.0,78.1,49.2,7.99,6.46,4.9,60.35
Maize,Loamy,48.0,31.8,38.2,954.8,135.3,32.9,65.8,4.75,1.24,2.5,2.75
Sugarcane,Alluvial,75.3,33.8,71.1,2267.9,171.0,67.4,58.2,6.27,8.2,2.3,63.77
Maize,Red,55.0,26.2,23.2,407.1,136.7,58.9,46.5,6.44,10.0,2.2,2.86
Sugarcane,Clay,59.4,13.2,39.5,1778.5,181.8,100.8,39.3,6.26,6.88,5.6,59.63
Rice,Alluvial,73.1,36.2,75.4,1264.8,69.4,44.6,87.2,6.7,2.52,4.6,3.56
Tomato,Red,70.9,21.9,63.0,20.0,95.4,96.7,114.5,6.56,9.52,0.6,25.03
Rice,Black,42.6,36.6,65.6,665.1,114.6,8.7,108.5,5.12,4.3,2.6,3.2
Wheat,Red,43.9,29.6,45.2,813.8,104.1,44.1,37.3,5.67,2.46,2.1,2.82
Maize,Alluvial,37.4,25.7,58.3,628.2,158.4,75.2,26.7,5.74,4.02,4.6,2.77
Rice,Sandy,85.3,19.1,60.4,1577.8,70.8,51.6,88.1,4.03,2.8,2.7,3.18
Tomato,Sandy,35.9,17.8,48.4,367.9,116.5,88.2,116.4,6.82,5.24,2.4,24.94
Tomato,Alluvial,47.1,35.7,54.2,293.6,151.9,43.8,42.2,7.05,9.87,0.9,23.97
Sugarcane,Black,56.8,21.0,54.3,1285.0,125.1,59.1,5.0,7.05,9.83,3.8,58.26
Maize,Alluvial,54.3,26.2,49.1,526.9,155.8,64.2,91.1,7.5,3.16,1.5,2.71
Cotton,Sandy,45.0,6.1,53.1,500.3,54.3,66.0,21.5,7.21,5.07,1.8,1.71
Rice,Red,95.0,42.9,69.4,805.1,171.7,37.9,44.7,6.13,8.58,2.9,3.7
Maize,Sandy,51.6,22.8,77.5,782.7,150.1,51.8,27.8,5.85,2.06,2.7,3.09
Potato,Loamy,70.7,15.4,78.0,393.9,58.9,59.8,53.2,5.22,7.6,0.4,18.25
Tomato,Black,69.9,5.3,63.5,630.4,65.6,92.9,98.5,5.97,6.39,3.3,24.21
Sugarcane,Red,56.7,19.2,72.5,1054.8,152.1,60.4,72.0,6.77,3.75,5.3,61.35
Sugarcane,Sandy,78.6,18.6,73.0,2204.9,162.4,107.5,40.7,5.5,2.23,4.2,57.62
Potato,Sandy,68.7,19.7,73.0,256.5,93.7,84.1,84.9,6.54,1.15,1.7,18.69
Potato,Clay,62.5,14.9,41.5,214.2,136.1,52.8,134.9,4.95,2.45,2.5,20.18
Tomato,Black,73.9,21.0,59.0,638.9,135.2,69.2,78.9,6.37,9.17,2.8,24.77
Potato,Loamy,42.1,25.2,49.9,329.7,133.4,80.3,150.0,4.2,8.68,0.7,17.68
Sugarcane,Sandy,40.5,10.7,51.5,2087.0,200.0,58.5,87.2,6.18,6.08,5.0,50.33
Rice,Loamy,42.4,45.0,83.9,1193.0,91.0,35.7,52.7,5.85,3.09,3.6,4.03
Tomato,Sandy,50.4,31.2,35.7,529.8,110.8,41.8,47.3,7.11,5.91,2.4,26.78
Maize,Black,64.6,16.5,63.5,782.1,189.4,39.9,23.6,5.45,9.02,2.5,2.4
Rice,Alluvial,47.7,20.5,79.7,516.3,122.7,21.7,81.2,4.26,4.64,3.7,3.24
Cotton,Red,57.5,27.8,55.0,1037.5,164.7,63.4,34.4,6.67,8.43,2.5,1.71
Rice,Sandy,40.7,31.4,90.1,1479.9,85.9,60.5,90.5,7.26,6.82,1.7,3.35
Potato,Alluvial,48.7,19.6,38.5,651.1,74.3,64.0,133.5,4.79,3.32,1.1,22.01
Potato,Loamy,39.5,23.6,51.4,531.7,196.8,78.1,128.7,4.94,1.51,2.2,17.99
Sugarcane,Alluvial,53.7,40.5,70.6,1207.5,169.0,89.5,75.5,5.24,3.93,2.7,56.84
Maize,Sandy,64.7,28.9,79.3,1045.2,126.4,72.7,5.0,6.15,9.88,2.6,2.62
Sugarcane,Clay,29.9,23.8,65.4,1194.6,144.2,66.9,93.9,6.21,7.58,3.9,58.99
Rice,Black,94.3,37.4,73.5,415.4,130.6,49.0,5.0,7.04,4.34,4.8,3.26
Sugarcane,Clay,87.1,32.7,20.3,1879.4,143.5,89.9,66.4,6.48,0.5,3.6,56.96
Maize,Alluvial,40.7,35.3,94.5,582.1,126.6,89.1,79.5,5.78,2.77,1.9,2.45
Rice,Loamy,51.9,20.9,59.5,1291.3,146.5,30.0,74.6,5.83,9.47,5.8,3.7
Tomato,Loamy,58.0,26.9,64.3,1024.5,90.9,59.4,74.4,5.86,7.91,1.8,26.14
Wheat,Sandy,38.3,12.6,71.9,990.8,130.3,52.5,22.4,5.94,5.6,3.5,3.3
Maize,Alluvial,43.5,28.7,68.2,1052.2,114.5,62.1,5.0,5.19,2.97,2.2,2.8
Sugarcane,Clay,77.5,17.5,10.0,1047.5,186.2,76.9,93.1,5.59,5.87,4.6,55.69
Cotton,Black,54.8,32.1,76.0,980.0,141.5,63.0,45.8,7.12,3.68,1.8,1.79
Rice,Sandy,70.5,37.2,62.9,1218.1,59.2,64.9,66.1,7.73,7.91,3.8,3.69
Wheat,Sandy,43.3,24.2,69.1,710.6,106.6,63.9,66.8,5.68,1.14,0.2,3.46
Maize,Black,39.4,39.3,76.6,1260.8,121.1,56.6,28.8,7.1,8.28,2.1,2.27
Wheat,Sandy,68.4,22.9,72.5,489.2,98.3,74.6,50.8,6.69,8.64,0.2,3.09
Cotton,Sandy,57.0,34.9,65.3,506.4,115.1,84.4,112.9,5.67,2.01,2.3,1.5
Cotton,Clay,49.2,25.9,84.6,1087.8,111.0,18.4,35.7,6.63,6.69,3.4,1.61
Sugarcane,Alluvial,62.9,16.6,45.9,2341.8,186.5,84.8,83.5,7.18,1.89,4.2,54.26
Potato,Clay,44.0,8.8,60.9,297.1,105.9,101.5,115.8,4.72,8.3,2.1,18.22
Sugarcane,Loamy,95.0,28.9,65.9,1854.4,132.6,91.8,62.9,7.26,8.26,6.1,57.78
Cotton,Sandy,33.3,29.6,44.5,428.0,118.6,72.6,124.1,6.92,7.33,2.5,1.78
Maize,Black,41.0,25.7,76.4,664.0,168.0,77.5,5.0,5.48,4.02,2.4,2.89
Rice,Black,68.1,41.2,35.5,976.6,124.0,53.6,63.3,5.0,6.5,2.9,3.95
Potato,Clay,45.1,12.6,59.6,804.9,136.3,72.6,119.3,4.0,3.91,0.8,18.4
Wheat,Black,21.7,31.3,53.0,762.6,118.6,69.5,41.9,5.47,3.7,1.7,3.17
Maize,Black,26.7,11.9,35.4,1091.8,184.8,63.6,28.3,7.63,8.71,3.8,2.48
Rice,Clay,47.7,32.0,62.9,851.1,73.6,82.3,99.3,5.83,0.67,2.0,3.66
Rice,Sandy,77.7,10.3,49.0,1397.1,118.0,33.8,38.5,5.52,9.65,4.3,3.7
Maize,Red,49.4,40.0,74.4,800.0,126.5,61.3,44.9,6.56,6.93,2.8,2.58
Sugarcane,Black,31.7,33.5,65.1,922.0,174.1,62.0,53.5,6.09,1.54,5.2,58.63
Potato,Red,71.2,16.9,54.5,695.7,110.4,99.0,124.5,4.43,3.62,3.3,20.43
Maize,Alluvial,32.2,6.8,50.4,270.0,189.3,80.2,22.8,8.0,4.11,2.3,2.27
Cotton,Clay,15.0,14.8,75.3,1392.9,141.5,61.3,64.9,7.68,9.58,2.2,1.54
Maize,Loamy,36.4,21.8,34.6,668.0,110.3,37.9,44.5,7.31,3.46,3.7,2.81
Sugarcane,Loamy,47.3,24.2,68.3,996.5,153.2,43.3,45.0,6.76,5.89,5.4,61.69
Cotton,Loamy,42.3,24.6,61.8,776.6,101.5,50.8,32.5,6.47,6.3,3.6,1.88
Rice,Black,54.6,18.5,70.4,1378.4,130.9,61.4,35.8,6.35,4.53,3.1,3.8
Rice,Sandy,95.0,11.9,51.8,834.3,79.0,37.1,16.8,6.6,6.5,4.2,3.23
Maize,Loamy,16.4,8.2,75.6,531.0,90.5,80.9,44.2,6.4,3.02,3.3,2.58
Wheat,Alluvial,33.3,12.2,60.5,399.8,127.0,28.9,48.3,7.17,5.56,0.8,2.79
Rice,Loamy,95.0,30.4,49.4,1178.3,116.7,51.5,63.5,5.26,2.41,2.6,4.06
Tomato,Loamy,41.8,32.9,76.4,592.5,77.2,63.7,120.3,6.41,5.45,1.6,25.4
Sugarcane,Black,74.1,30.7,43.9,1037.3,128.9,65.2,62.2,7.07,3.4,2.9,56.35
Rice,Black,85.1,27.3,63.8,1199.4,88.5,59.3,39.0,6.93,8.84,3.8,4.28
Potato,Alluvial,51.9,12.0,68.0,266.4,120.8,79.8,127.1,5.88,1.76,4.5,19.25
Potato,Alluvial,55.2,7.5,44.0,420.6,101.7,76.3,101.4,5.92,9.68,0.2,19.35
Cotton,Loamy,23.1,26.8,41.9,795.0,145.9,74.4,44.7,8.19,1.05,1.9,1.7
Cotton,Sandy,29.0,25.6,54.2,655.4,104.8,50.1,60.9,7.95,3.41,3.0,2.12
Tomato,Red,47.2,33.6,40.9,764.8,51.7,124.0,79.8,5.37,9.66,1.7,21.62
Potato,Clay,62.0,28.9,45.1,650.6,74.0,100.7,110.4,6.36,2.39,0.6,17.54
Tomato,Loamy,23.6,23.0,54.2,579.6,142.7,80.7,115.3,6.56,4.23,2.6,25.13
Wheat,Red,50.9,20.7,72.1,419.1,119.4,86.2,16.3,4.77,2.66,1.9,3.21
Maize,Red,39.1,23.4,76.4,887.0,67.0,63.7,45.9,6.19,9.72,1.1,2.47
Potato,Sandy,40.6,16.8,74.2,509.1,99.5,94.2,94.7,5.41,9.62,3.0,20.69
Sugarcane,Loamy,63.7,17.5,59.4,972.1,151.2,86.6,33.2,6.79,0.92,4.2,58.02
Wheat,Black,60.5,5.0,43.3,530.1,129.5,56.7,38.9,8.13,0.62,2.7,2.85
Wheat,Black,83.3,27.5,65.6,1169.7,153.7,44.0,47.4,5.13,7.42,2.3,2.58
Maize,Red,49.8,28.3,53.6,394.5,184.3,50.1,56.5,7.35,1.51,3.2,2.62
Tomato,Alluvial,58.7,13.4,68.9,630.1,99.3,82.2,96.1,6.14,6.75,3.4,25.62
Tomato,Black,82.8,30.6,70.3,20.0,145.9,71.7,97.8,6.56,0.6,3.1,24.4
Maize,Alluvial,61.4,27.8,63.5,20.0,131.4,41.2,70.3,6.7,2.56,2.6,2.44
Tomato,Sandy,76.0,18.4,62.7,254.4,176.4,64.1,93.2,5.75,5.83,4.4,25.88
Potato,Loamy,43.8,24.6,59.9,841.2,153.5,67.0,123.7,6.05,5.41,0.9,17.87
Tomato,Sandy,43.5,12.5,71.6,656.4,83.6,59.2,88.4,8.12,2.19,3.2,24.8
Sugarcane,Loamy,56.2,17.0,62.1,580.4,159.7,67.0,48.3,5.22,8.79,3.6,57.87
Sugarcane,Loamy,43.9,5.0,59.6,2421.6,199.8,60.9,44.9,6.88,6.3,4.4,51.63
Cotton,Red,22.8,20.4,44.0,20.0,85.6,64.3,54.3,6.86,0.94,3.6,1.85
Cotton,Red,59.3,22.2,57.7,523.0,110.5,83.8,79.0,6.7,7.98,2.4,1.95
Rice,Red,78.0,21.4,51.6,785.0,109.2,47.4,29.4,5.87,7.0,3.9,4.03
Rice,Sandy,88.2,8.7,63.6,1757.4,59.9,61.0,44.1,6.92,1.84,2.4,3.56
Rice,Red,67.8,36.0,47.4,1591.2,90.9,54.5,51.8,5.98,8.04,1.4,3.98
Cotton,Alluvial,68.5,30.2,65.4,327.9,85.1,36.2,52.2,7.51,7.63,4.3,1.93
Maize,Black,51.5,31.1,45.4,698.2,171.2,70.1,72.7,5.75,9.66,2.3,2.53
Cotton,Clay,25.4,35.5,75.7,151.3,17.2,71.3,19.3,7.17,6.33,3.3,1.52
Potato,Red,49.0,14.8,45.7,610.1,181.9,58.6,100.6,6.63,9.69,2.3,19.15
Potato,Red,35.9,21.4,57.2,756.3,155.6,131.8,114.5,5.76,1.25,1.2,18.31
Wheat,Sandy,48.0,32.5,44.9,1020.5,159.5,57.6,5.0,6.01,5.2,1.5,3.04
Sugarcane,Clay,54.2,39.1,63.7,1719.2,163.4,45.7,108.6,5.2,7.51,4.4,56.43
Maize,Black,44.3,18.6,67.0,372.9,133.3,48.1,31.6,6.55,3.92,3.7,2.66
Cotton,Clay,52.3,23.2,72.9,712.5,53.2,21.4,35.7,5.94,1.72,3.8,1.7
Cotton,Clay,39.1,25.6,65.8,373.7,125.3,59.9,51.0,7.12,5.81,3.1,2.12
Tomato,Alluvial,28.5,20.9,34.5,573.6,132.4,52.3,73.6,6.42,8.83,1.9,27.55
Wheat,Red,67.3,22.9,51.6,100.1,145.6,46.3,86.5,7.19,2.9,1.9,2.6
Sugarcane,Clay,55.8,26.2,52.2,1625.3,147.7,87.5,50.3,5.79,2.07,5.4,65.66
Cotton,Clay,25.4,31.1,70.9,380.9,93.8,15.0,72.7,6.83,0.53,2.6,1.74
Maize,Red,46.0,7.5,66.8,297.0,113.2,46.6,34.9,6.21,0.57,1.9,2.46
Sugarcane,Red,73.6,45.0,65.7,1406.1,126.6,66.1,37.8,6.71,3.78,5.1,61.93
Maize,Alluvial,48.8,19.3,82.2,469.5,150.3,75.4,61.0,5.27,3.32,2.9,2.77
Tomato,Clay,69.6,27.3,72.3,168.0,127.6,91.7,94.8,5.65,5.72,2.1,26.62
Tomato,Alluvial,45.5,35.0,80.0,760.5,117.0,88.3,61.5,6.31,1.6,2.0,24.18
Maize,Loamy,53.8,37.5,68.4,998.2,66.4,91.2,35.3,5.59,9.15,1.6,2.46
Tomato,Loamy,73.9,20.3,48.9,410.7,143.5,72.6,54.8,6.67,4.15,4.5,24.42
Tomato,Clay,53.6,20.2,81.0,1172.4,123.5,49.4,86.1,6.64,5.41,3.6,26.05
Wheat,Sandy,67.0,22.9,82.7,1311.6,120.8,68.4,5.0,5.34,3.48,2.0,2.66
Sugarcane,Red,57.6,34.6,52.9,310.9,153.8,69.7,38.4,6.58,6.27,4.0,60.4
Rice,Black,60.7,21.6,53.5,1597.8,116.3,67.0,50.8,4.94,6.94,4.1,3.79
Maize,Black,55.3,14.5,52.2,883.6,161.3,77.1,13.8,5.24,8.03,3.9,2.53
Sugarcane,Alluvial,95.0,14.0,63.8,1743.2,182.6,72.0,67.7,6.19,1.69,3.3,60.48
Rice,Loamy,76.8,26.8,76.9,1180.0,46.8,75.2,27.4,5.48,7.74,3.7,3.61
Maize,Clay,69.0,25.8,59.2,792.8,155.6,72.9,53.9,6.27,2.4,3.4,2.77
Tomato,Sandy,52.6,31.0,95.0,495.0,168.7,65.2,113.8,7.18,1.78,1.3,23.92
Wheat,Black,28.9,16.5,52.0,928.4,135.5,74.3,50.5,6.02,7.8,3.2,3.2
Maize,Loamy,36.2,25.7,47.7,692.2,90.8,27.3,35.2,5.76,1.55,0.3,2.72
Tomato,Clay,46.5,28.0,42.5,433.3,139.4,94.7,100.7,6.03,4.31,1.5,26.79
Potato,Alluvial,50.2,5.0,69.5,177.8,121.8,85.5,134.0,4.45,1.67,2.0,18.63
Rice,Sandy,95.0,36.9,63.1,1008.3,124.2,30.5,61.9,6.4,5.75,2.3,3.75
Cotton,Red,7.0,27.8,65.0,292.1,81.2,50.3,73.9,6.17,1.1,3.3,1.63
Cotton,Red,35.1,21.8,70.9,441.3,130.8,36.7,46.0,7.76,9.14,2.9,1.82
Wheat,Alluvial,43.8,37.9,83.5,218.4,135.7,43.7,44.8,6.55,7.73,2.1,3.03
Wheat,Black,48.7,19.7,53.4,695.4,132.2,57.5,5.0,6.51,4.85,1.4,3.15
Wheat,Black,67.2,19.4,54.1,806.8,108.9,102.1,33.2,6.79,6.94,0.4,3.21
Rice,Alluvial,72.5,24.3,95.0,813.0,130.1,60.3,55.7,7.18,1.45,2.4,4.15
Rice,Black,66.1,5.9,71.7,260.1,97.7,50.3,63.5,5.97,5.43,2.3,3.99
Tomato,Sandy,47.0,20.3,63.5,706.9,104.2,56.2,61.8,5.93,4.64,1.1,25.05
Tomato,Loamy,32.7,11.3,62.5,461.9,115.2,74.9,84.4,7.49,4.28,1.9,24.59
Sugarcane,Sandy,63.1,12.9,57.4,2364.0,150.6,74.6,28.5,6.01,2.36,4.3,54.85
Maize,Loamy,30.0,26.0,67.5,1070.5,187.4,39.7,19.7,5.19,9.22,1.9,2.23
Potato,Sandy,35.4,16.8,60.6,652.0,120.1,47.5,86.8,5.68,3.11,1.8,20.94
Potato,Alluvial,44.9,17.3,57.0,179.6,133.4,87.4,101.2,5.77,2.97,4.0,18.62
Potato,Alluvial,64.6,24.1,80.4,241.3,135.8,77.6,97.7,5.82,8.62,1.3,20.56
Wheat,Clay,71.7,20.2,64.6,992.8,133.9,70.9,62.4,4.81,8.15,2.1,2.66
Potato,Red,47.1,17.5,91.5,435.8,109.2,67.0,118.6,5.36,9.94,0.7,19.42
Potato,Loamy,21.4,26.1,49.7,705.6,60.9,97.9,69.7,6.08,2.32,0.5,16.5
Sugarcane,Sandy,57.7,31.5,61.6,1803.9,200.0,38.7,100.4,6.58,3.18,4.8,58.04
Sugarcane,Clay,90.4,22.8,54.6,20.0,162.3,43.5,46.2,5.68,8.62,1.4,56.31
Tomato,Red,77.2,14.4,70.2,729.0,56.6,76.4,77.4,6.23,1.71,3.0,20.49
Wheat,Alluvial,25.4,13.3,70.2,276.6,140.0,69.3,5.0,5.96,3.59,2.9,2.91
Wheat,Loamy,59.1,20.0,51.0,1112.3,172.2,79.6,42.1,5.85,7.24,2.5,2.87
Wheat,Clay,56.7,10.0,75.8,325.6,108.5,65.0,89.9,8.99,4.01,3.1,2.75
Potato,Red,59.1,22.0,70.0,609.6,145.2,67.7,86.0,4.62,3.69,3.1,21.12
Tomato,Alluvial,21.2,26.9,79.4,20.0,133.8,65.6,96.4,6.04,6.35,2.4,28.25
Wheat,Alluvial,86.2,37.4,33.3,437.1,88.9,59.0,44.7,6.68,6.93,0.5,2.98
Maize,Black,35.9,24.0,66.4,640.5,99.6,73.6,30.2,5.86,0.69,1.0,2.73
Wheat,Black,43.0,27.6,64.0,958.1,98.1,34.4,33.9,6.01,6.94,2.2,3.13
Potato,Loamy,44.9,20.7,70.1,672.0,132.7,76.6,110.1,5.47,1.48,2.4,20.66
Sugarcane,Sandy,71.1,15.7,61.4,749.2,155.2,56.0,102.6,6.6,6.49,5.9,58.36
Maize,Loamy,28.7,26.8,86.5,495.9,113.4,58.2,91.1,6.82,7.19,3.2,2.29
Wheat,Red,60.4,36.1,35.3,705.1,116.0,39.9,7.6,6.91,9.42,0.6,3.18
Cotton,Sandy,15.1,40.3,61.0,834.8,122.7,79.2,29.2,7.56,6.82,4.2,1.59
Maize,Black,56.3,26.4,60.8,1137.7,147.9,29.5,70.5,7.03,2.44,3.3,2.63
Tomato,Clay,53.7,21.1,56.3,613.3,67.8,62.6,129.9,7.61,4.04,3.1,25.37
Cotton,Loamy,41.4,33.9,67.2,197.8,126.1,67.7,30.9,7.03,4.03,2.7,1.84
Tomato,Black,40.9,12.0,64.6,618.8,103.1,99.1,56.5,6.85,7.2,0.7,21.59
Maize,Alluvial,40.1,30.9,54.2,685.2,140.8,21.6,39.7,5.65,9.31,2.5,2.66
Potato,Black,32.4,24.5,55.8,427.3,143.7,86.8,114.3,6.27,1.55,1.0,17.68
Maize,Sandy,95.0,34.0,39.7,270.2,154.5,70.9,53.7,6.0,9.55,1.1,2.22
Rice,Alluvial,65.9,20.2,62.6,2364.3,111.0,43.7,73.0,6.39,8.66,3.1,4.14
Wheat,Sandy,53.5,14.6,68.3,351.4,107.5,54.1,64.4,7.23,5.39,1.7,3.12
Tomato,Sandy,51.1,20.5,95.0,551.3,68.7,58.7,115.5,7.97,4.45,3.6,23.04
Tomato,Sandy,41.4,28.2,68.0,20.0,99.2,71.1,93.3,6.54,5.21,2.2,26.67
Wheat,Black,36.5,11.7,58.0,707.4,39.5,65.2,38.9,5.89,5.83,3.5,3.13
Wheat,Loamy,61.5,30.6,56.6,1178.3,112.0,66.7,30.3,5.96,5.55,3.3,2.92
Sugarcane,Red,59.1,25.9,86.4,941.8,109.9,68.3,76.6,6.87,5.68,4.0,64.84
Sugarcane,Sandy,51.5,25.3,70.6,2274.7,123.4,99.1,48.7,6.4,3.82,3.8,63.05
Potato,Clay,48.0,26.4,48.6,564.7,70.2,116.4,130.2,7.7,3.83,3.1,17.54
Sugarcane,Sandy,77.0,18.7,83.7,927.4,115.5,37.8,47.8,5.95,6.25,5.5,56.2
Sugarcane,Loamy,93.6,28.1,48.8,615.9,125.8,100.1,28.6,6.78,6.2,4.9,58.38
Rice,Red,53.7,39.2,67.7,1601.9,80.3,67.1,22.7,6.71,9.42,2.1,3.78
Cotton,Alluvial,8.2,25.6,75.6,761.4,95.3,76.2,68.5,7.65,1.93,2.3,1.62
Potato,Red,71.8,16.4,66.7,788.9,131.2,89.4,66.1,5.24,5.38,1.6,20.57
Potato,Clay,59.2,14.9,68.9,732.7,138.1,100.8,99.7,5.35,5.93,0.9,19.16
Cotton,Clay,36.6,27.7,56.5,428.4,107.2,59.7,30.7,6.68,5.36,0.7,1.77
Wheat,Clay,48.5,17.2,73.3,1030.2,127.0,38.6,66.4,6.66,4.1,3.4,2.88
Sugarcane,Loamy,85.1,30.4,70.4,2330.6,148.0,56.9,89.7,7.44,4.04,6.0,56.3
Wheat,Alluvial,46.7,16.0,71.3,844.8,79.9,52.2,42.3,6.07,4.8,1.8,3.01
Cotton,Alluvial,40.8,32.5,22.1,503.6,107.2,27.0,59.7,6.84,6.04,0.8,2.01
Cotton,Red,38.7,24.4,62.9,353.6,66.1,62.5,65.7,6.36,3.22,2.8,1.84
Potato,Clay,48.6,11.1,29.8,174.6,141.9,86.3,112.3,4.02,8.0,0.8,17.81
Cotton,Alluvial,38.0,21.8,65.0,606.7,116.3,25.6,38.8,7.87,3.86,3.4,1.99
Sugarcane,Alluvial,92.2,25.1,43.8,914.4,145.2,90.7,59.0,6.65,7.29,3.1,56.93
Sugarcane,Loamy,76.3,9.7,62.6,959.7,150.5,63.0,112.6,6.19,5.82,5.1,59.86
Maize,Black,44.5,25.9,49.3,1249.3,167.8,60.6,83.2,6.26,5.37,1.9,2.74
Tomato,Alluvial,56.7,24.4,50.0,356.1,103.5,74.6,89.2,7.24,4.36,2.5,29.95
Tomato,Loamy,35.1,24.8,78.3,329.9,88.5,65.4,119.5,6.46,8.06,2.8,25.45
Tomato,Sandy,62.4,20.5,47.4,242.5,126.0,94.6,74.1,6.67,4.85,1.6,26.88
Rice,Alluvial,82.6,28.5,66.4,1732.4,125.9,80.4,52.0,7.29,7.19,3.3,3.88
Potato,Loamy,91.4,15.7,41.7,669.9,108.7,120.5,89.2,5.75,6.45,2.7,18.27
Potato,Loamy,41.0,23.5,53.6,20.0,123.9,81.7,122.0,6.74,2.4,2.1,17.11
Wheat,Clay,58.6,13.1,71.1,687.0,100.8,56.7,78.3,6.61,2.73,1.8,3.08
Rice,Alluvial,79.1,28.6,70.4,629.7,64.8,72.9,58.3,6.43,3.14,4.4,4.23
Maize,Alluvial,30.4,13.8,58.4,440.2,115.4,35.0,28.3,5.28,9.32,2.5,2.29
Sugarcane,Loamy,66.5,5.0,57.2,652.2,186.2,85.5,71.7,7.72,9.09,4.6,56.92
Tomato,Sandy,74.9,22.1,72.6,223.3,98.5,89.1,69.9,7.11,3.34,2.2,24.47
Potato,Loamy,57.6,22.9,63.4,566.3,118.3,54.0,108.7,4.91,9.52,2.4,19.86
Sugarcane,Black,32.5,37.0,53.8,1431.9,122.6,73.8,61.7,7.36,7.15,5.4,51.67
Wheat,Black,41.7,19.5,56.4,704.7,113.7,47.2,44.4,5.83,2.65,2.2,3.44
Maize,Red,57.6,40.6,33.8,889.2,138.0,69.0,29.2,6.08,1.0,1.8,2.93
Tomato,Red,35.6,24.8,69.7,521.6,102.4,72.9,93.5,6.45,2.0,2.4,27.09
Wheat,Black,37.1,30.3,62.0,921.5,110.9,54.7,77.4,6.85,7.92,1.1,2.94
Potato,Alluvial,45.4,19.8,87.6,127.9,114.7,88.2,119.1,4.51,6.38,2.5,18.94
Sugarcane,Clay,52.0,19.9,83.3,1536.2,152.3,66.4,29.4,7.04,6.97,3.4,57.24
Rice,Red,64.8,20.7,86.0,865.9,83.3,54.1,19.9,5.68,1.99,2.3,3.92
Rice,Red,42.7,29.6,86.3,1207.2,106.8,63.9,18.3,7.36,7.65,5.5,3.88
Tomato,Sandy,69.0,27.4,63.5,391.8,146.0,72.8,40.8,5.41,9.19,3.0,24.65
Wheat,Clay,57.1,7.9,56.6,622.2,165.2,46.2,72.7,5.56,8.15,1.9,2.95
Sugarcane,Loamy,94.7,34.6,49.1,1687.9,111.2,81.4,71.3,5.0,4.46,3.7,54.25
Rice,Red,54.9,25.2,43.0,1334.3,88.8,39.9,35.2,5.92,0.87,1.6,4.51
Maize,Alluvial,46.7,24.2,49.8,1026.5,142.9,49.9,48.6,6.14,5.67,3.2,2.7
Tomato,Red,53.2,18.2,66.5,560.0,88.8,55.8,87.2,5.58,3.71,3.0,26.71
Cotton,Alluvial,5.0,25.0,44.4,69.8,62.9,52.2,83.2,7.25,7.72,2.3,1.59
Tomato,Black,34.2,9.0,54.2,487.0,107.1,61.7,66.4,6.79,6.59,2.8,24.79
Tomato,Red,37.0,17.0,38.0,332.7,139.3,80.3,114.5,6.72,4.27,2.8,24.78
Potato,Loamy,33.5,25.1,73.4,975.7,107.7,94.2,150.0,5.01,4.41,0.2,15.86
Potato,Black,54.0,14.9,50.1,398.0,126.5,63.1,58.3,5.63,4.97,0.6,20.34
Sugarcane,Alluvial,51.1,32.6,73.5,1734.6,185.5,46.4,101.7,7.72,6.98,2.3,61.11
Cotton,Sandy,26.8,33.8,44.2,846.2,141.1,63.9,57.1,6.21,8.57,2.2,1.56
Cotton,Red,32.5,11.8,43.9,1221.2,61.6,53.8,75.2,6.0,9.67,4.1,1.71
Rice,Red,91.9,28.3,64.0,1072.4,126.4,64.0,71.8,5.6,6.34,2.0,4.15
Maize,Red,35.6,21.0,51.5,676.9,159.0,65.8,45.1,6.01,9.28,2.1,2.4
Sugarcane,Loamy,70.2,32.3,44.8,947.3,167.5,31.9,93.3,6.68,4.15,3.5,54.87
Cotton,Black,25.7,26.5,30.6,471.7,40.4,44.9,78.7,6.97,6.13,1.5,1.91
Maize,Red,35.8,26.8,36.3,853.1,130.3,86.6,57.0,7.08,7.79,2.1,2.44
Potato,Clay,41.7,12.2,78.6,1197.9,90.6,58.8,123.0,4.9,6.69,1.2,17.53
Rice,Clay,76.8,25.6,33.7,1269.7,147.2,17.8,25.9,6.34,9.78,2.4,4.11
Tomato,Alluvial,30.4,21.8,67.5,870.3,131.2,65.1,64.3,7.28,6.92,3.7,23.39
Rice,Alluvial,82.2,25.9,52.2,1067.0,112.8,51.5,35.2,5.87,3.72,2.2,4.31
Cotton,Sandy,19.2,14.5,33.1,159.5,78.7,89.1,36.9,7.14,8.23,2.7,1.59
Wheat,Sandy,43.6,12.4,81.8,1237.3,69.5,39.5,33.0,5.73,2.05,1.2,2.92
Cotton,Black,79.0,37.5,63.2,933.8,133.2,38.7,29.6,7.06,5.88,2.3,1.66
Sugarcane,Red,63.7,25.4,89.6,779.3,165.2,99.8,116.8,6.18,8.37,3.3,62.33
Wheat,Red,27.3,9.0,79.0,791.3,45.2,40.4,53.2,7.53,3.75,2.4,2.53
Tomato,Sandy,49.7,23.6,57.3,132.8,120.9,74.5,79.4,6.68,4.69,1.7,26.5
Sugarcane,Alluvial,64.0,31.9,55.5,1482.3,166.9,62.2,52.6,5.56,0.64,3.6,64.8
Sugarcane,Alluvial,90.2,30.4,36.8,1568.8,132.2,74.7,29.6,6.33,2.25,3.5,58.15
Cotton,Loamy,45.2,8.0,24.4,489.9,94.1,53.8,31.8,7.01,1.18,4.2,1.97
Cotton,Black,30.7,25.4,20.3,1039.2,127.4,15.3,5.0,5.44,9.4,3.3,1.68
Wheat,Alluvial,47.9,19.1,74.6,258.4,154.4,45.4,84.5,5.7,6.01,2.5,2.98
Sugarcane,Clay,59.1,24.3,67.4,1221.6,165.3,108.7,80.4,6.46,1.19,3.1,60.3
Maize,Clay,50.8,24.4,52.5,253.9,149.7,58.8,52.5,5.77,3.67,1.6,3.0
Wheat,Black,52.8,25.8,48.1,787.9,158.4,15.7,52.6,4.51,9.97,2.4,2.79
Sugarcane,Red,54.5,16.6,57.0,2500.0,95.0,49.0,97.4,7.99,2.03,6.6,46.11
Cotton,Red,52.2,21.5,59.3,547.9,109.9,79.0,72.0,6.14,5.89,3.2,1.85
Sugarcane,Clay,31.5,21.2,46.1,1795.2,125.7,35.3,55.0,6.76,1.37,3.3,58.0
Tomato,Red,42.9,23.9,46.7,373.1,132.5,44.0,88.9,4.87,1.66,0.6,27.54
Maize,Red,58.0,33.8,44.5,419.9,111.7,50.3,52.9,5.75,4.15,4.2,2.42
Rice,Sandy,80.1,20.5,71.2,1570.0,92.4,50.8,80.8,4.69,4.18,3.1,3.9
Cotton,Loamy,24.4,18.3,86.6,759.6,131.9,61.2,51.5,7.06,0.68,1.7,1.82
Maize,Black,45.0,27.6,52.9,581.1,140.0,83.0,11.7,6.81,7.7,1.4,2.93
Tomato,Black,76.8,26.8,57.0,276.9,136.0,64.3,85.7,6.16,3.62,2.2,27.0
Rice,Black,55.3,38.1,54.4,1024.3,131.0,21.6,70.5,6.04,8.21,4.0,3.89
Tomato,Alluvial,45.1,26.3,78.6,772.7,102.0,79.3,81.0,8.3,5.69,1.6,26.05
Rice,Alluvial,72.7,29.9,60.1,386.3,104.8,94.3,41.0,5.42,8.12,3.4,3.93
Maize,Clay,64.7,20.6,66.0,465.4,165.4,83.0,53.8,5.91,2.1,2.3,2.68
Potato,Red,64.7,25.8,41.7,940.6,67.8,94.1,136.3,5.41,9.82,1.2,15.15
Sugarcane,Red,80.7,23.5,51.4,1673.0,178.0,65.5,86.6,7.66,3.07,5.0,59.42
Potato,Loamy,53.4,19.0,40.7,528.1,115.7,54.8,83.2,5.4,4.27,0.0,19.73
Potato,Sandy,25.5,5.0,50.7,651.5,134.9,101.4,70.0,4.0,2.94,2.1,17.79
Potato,Loamy,69.3,17.0,53.1,458.6,108.9,53.0,82.1,5.92,1.64,2.1,19.99
Tomato,Sandy,37.1,21.5,27.3,491.8,152.9,40.5,75.4,6.56,0.84,2.2,25.97
Potato,Alluvial,42.5,5.0,61.6,1030.9,128.3,79.6,108.1,5.49,7.67,2.2,16.58
Wheat,Black,27.4,32.4,70.0,470.3,150.1,50.0,20.4,5.89,1.15,2.2,2.76
Maize,Clay,33.8,8.0,64.0,1249.8,126.3,79.3,68.1,5.24,8.52,2.4,2.34
Wheat,Black,53.7,18.3,47.9,677.7,113.9,64.4,79.2,6.55,9.38,1.8,3.32
Tomato,Sandy,48.9,35.6,84.6,626.3,102.9,42.8,101.9,7.12,4.41,1.5,25.72
Potato,Alluvial,43.6,23.3,49.8,285.7,143.9,89.0,108.8,4.98,5.29,2.0,20.69
Tomato,Loamy,13.0,5.0,69.4,754.3,86.5,112.0,131.6,6.47,8.35,2.8,21.4
Wheat,Clay,79.0,27.5,62.8,868.5,136.1,78.5,5.0,6.75,4.55,2.1,2.95
Cotton,Black,69.0,34.6,76.4,449.5,95.5,21.3,36.9,7.39,1.54,2.2,1.79
Potato,Loamy,57.4,12.1,66.8,684.0,98.9,75.3,105.4,4.37,2.47,0.5,19.73
Rice,Sandy,44.1,22.4,51.9,1616.7,105.2,30.9,91.2,6.5,2.78,1.8,3.55
Sugarcane,Clay,71.6,30.9,72.1,662.0,156.3,66.8,126.9,6.55,6.0,3.9,57.37
Tomato,Black,62.3,20.5,59.6,245.6,77.2,87.6,117.7,6.63,2.31,2.4,27.87
Wheat,Loamy,12.7,16.7,73.0,863.7,133.7,86.3,54.0,4.88,0.89,1.6,3.04
Rice,Loamy,67.1,22.1,44.5,2136.3,88.3,97.0,21.5,6.53,1.57,3.1,4.14
Sugarcane,Black,49.8,24.0,24.5,1870.0,186.8,79.1,116.6,7.05,6.97,4.1,65.62
Rice,Black,69.5,26.2,44.0,582.4,112.5,37.3,97.7,5.94,8.63,1.8,3.79
Sugarcane,Clay,53.5,45.0,65.4,2063.9,119.3,58.4,112.8,7.62,2.47,5.4,49.58
Rice,Sandy,84.8,32.5,62.3,484.6,120.4,60.0,60.3,6.16,7.52,2.4,3.65
Cotton,Black,63.7,29.1,61.9,542.7,97.7,77.4,75.8,7.81,9.03,1.5,1.8
Wheat,Sandy,30.0,26.7,57.7,20.0,72.4,46.7,50.4,5.97,8.22,2.8,2.79
Cotton,Sandy,61.0,28.2,71.3,800.6,92.6,67.2,75.2,6.24,8.45,2.1,1.86
Tomato,Black,44.2,24.4,77.7,169.3,79.3,59.6,81.4,4.89,5.02,3.0,26.52
Cotton,Clay,27.1,23.1,83.6,609.4,103.5,36.5,79.4,6.83,2.99,2.0,1.84
Maize,Black,80.3,38.8,41.5,335.3,131.7,43.7,45.4,5.94,9.68,3.8,2.49
Rice,Red,56.9,44.2,84.3,1155.9,71.1,26.9,71.8,5.98,6.3,1.9,3.9
Maize,Alluvial,53.5,33.2,45.9,711.3,181.1,27.3,45.9,5.77,9.36,1.2,2.68
Cotton,Clay,31.7,31.3,39.4,654.0,70.7,68.7,71.9,6.63,5.03,1.5,2.02
Tomato,Red,36.2,26.0,41.5,323.8,119.4,72.8,89.7,6.4,2.9,3.5,27.12
Tomato,Sandy,52.5,26.1,51.2,682.7,33.3,72.8,123.7,7.5,1.65,1.7,20.98
Potato,Alluvial,52.1,10.9,41.3,646.6,140.1,84.0,80.9,4.65,4.29,1.3,18.95
Cotton,Red,21.9,14.3,69.8,171.3,129.5,57.9,57.4,8.33,6.71,3.1,1.44
Wheat,Sandy,38.1,17.7,66.4,582.1,97.2,40.6,76.5,5.57,1.62,3.8,3.24
Wheat,Loamy,64.9,17.2,56.9,519.9,73.9,70.8,41.0,7.65,7.63,2.2,2.7
Cotton,Red,50.0,10.8,53.3,1162.9,95.5,56.4,90.5,6.88,7.05,1.5,1.59
Cotton,Black,35.5,30.6,63.3,1010.3,44.1,52.2,78.7,6.92,3.4,2.2,1.72
Cotton,Black,37.2,40.1,51.0,441.5,113.8,46.5,16.8,6.95,8.97,4.3,1.74
Maize,Sandy,30.8,24.5,61.7,822.7,136.6,61.4,31.2,5.18,9.39,0.4,2.68
Wheat,Loamy,49.5,14.9,80.9,756.0,146.9,60.4,38.3,7.7,9.48,2.1,3.06
Cotton,Red,36.4,14.3,64.9,559.0,116.6,67.2,80.8,7.27,4.23,4.2,1.73
Potato,Clay,87.8,16.1,38.1,331.4,154.1,68.2,114.7,5.63,6.96,4.0,20.16
Cotton,Sandy,74.7,30.8,48.1,823.4,113.4,43.8,37.1,6.76,3.31,2.8,1.72
Wheat,Clay,50.6,24.8,59.1,592.3,163.3,61.3,71.6,5.7,2.28,1.2,3.31
Maize,Sandy,41.5,20.2,78.3,714.8,146.8,50.9,61.4,6.48,2.82,3.0,2.85
Tomato,Loamy,37.4,20.6,68.1,82.4,90.5,77.5,117.6,8.05,5.38,3.2,24.22
Cotton,Alluvial,45.2,12.0,43.2,902.1,96.0,39.5,16.0,6.14,5.16,1.5,1.62
Cotton,Sandy,38.8,30.9,91.4,108.6,134.8,69.5,30.5,7.16,6.93,2.6,1.71
Maize,Red,59.2,20.6,37.7,632.2,176.2,29.5,13.6,6.3,3.25,1.5,2.63
Rice,Alluvial,70.1,25.1,56.6,1598.2,45.4,39.7,27.8,7.09,3.04,2.6,3.84
Potato,Sandy,45.0,12.7,49.5,684.2,126.7,76.0,72.5,5.36,8.69,3.1,22.16
Wheat,Red,21.4,6.3,62.0,94.7,95.9,71.0,84.3,6.81,4.72,2.0,2.56
Rice,Black,61.9,28.2,89.1,444.6,87.8,13.3,37.4,5.31,6.4,4.1,3.81
Wheat,Sandy,35.4,21.4,83.9,649.1,144.2,47.7,57.9,6.06,1.31,2.0,3.53
Tomato,Red,62.3,16.8,52.5,552.6,112.4,91.1,65.8,6.24,6.67,2.5,27.46
Maize,Alluvial,67.9,11.9,55.7,222.6,175.1,51.8,38.8,6.58,5.32,2.9,2.43
Sugarcane,Clay,60.7,16.1,81.9,1405.5,199.7,92.1,48.4,5.39,3.8,4.8,60.04
Maize,Sandy,47.7,30.8,58.3,574.9,156.2,77.5,23.3,6.15,4.56,3.0,2.79
Rice,Clay,74.7,11.4,54.7,334.8,141.1,28.3,81.4,6.76,3.05,2.7,3.38
Wheat,Alluvial,44.9,25.0,65.9,847.8,200.0,60.8,21.6,4.88,6.88,0.8,2.84
Tomato,Loamy,95.0,25.6,66.9,975.1,162.2,85.6,110.7,7.04,8.76,1.9,21.59
Sugarcane,Black,87.8,28.3,42.6,806.8,103.5,83.2,89.7,7.98,7.55,2.9,55.7
Wheat,Black,60.3,25.3,61.6,775.9,129.7,85.7,72.4,6.94,7.18,2.6,3.21
Wheat,Clay,44.1,19.3,69.5,444.1,99.0,73.6,27.6,6.61,5.09,2.7,3.2
Potato,Sandy,58.1,25.3,75.4,380.4,146.4,79.7,96.0,6.5,2.96,1.8,19.93
Wheat,Sandy,21.1,26.4,88.7,804.2,122.8,32.5,20.6,6.46,8.27,2.8,2.81
Maize,Red,42.5,26.8,65.2,408.2,125.4,81.5,52.4,7.86,6.93,3.2,2.79
Potato,Clay,50.3,8.1,42.8,508.7,64.5,62.4,148.6,5.22,2.65,1.1,17.59
Sugarcane,Sandy,61.2,36.5,37.3,1470.1,154.1,54.5,57.1,5.77,9.43,3.5,70.61
Wheat,Alluvial,36.9,14.0,75.5,438.1,85.0,81.0,17.4,6.42,9.03,1.8,3.1
Sugarcane,Loamy,79.7,27.3,86.0,1065.8,143.7,67.3,75.5,7.53,9.89,3.5,62.16
Potato,Clay,28.3,18.9,50.2,660.8,107.7,75.2,63.5,4.05,5.39,2.5,18.4
Tomato,Alluvial,62.3,15.7,73.1,612.7,85.9,48.8,71.7,6.28,6.31,2.3,28.61
Potato,Sandy,57.6,18.1,80.2,471.8,161.2,73.7,123.2,5.68,4.4,3.6,22.26
Rice,Alluvial,56.8,21.6,46.9,1647.9,62.4,50.4,43.4,6.83,7.74,3.6,3.75
Maize,Black,45.7,24.1,84.8,509.3,190.0,51.8,56.8,5.74,6.09,1.5,2.67
Sugarcane,Alluvial,59.5,35.6,69.0,1294.5,132.1,109.0,23.8,6.45,6.45,2.0,50.74
Rice,Clay,95.0,23.9,56.5,2228.9,95.2,22.5,57.0,5.86,3.69,3.5,3.87
Potato,Clay,35.7,19.0,48.0,435.6,92.7,122.1,82.7,6.05,2.06,2.7,18.96
Rice,Red,80.1,6.0,41.5,1573.4,72.3,54.1,18.5,6.59,7.32,4.2,3.89
Rice,Clay,70.4,19.4,59.0,1063.6,105.4,19.9,59.9,6.81,0.89,2.7,3.96
Rice,Sandy,65.1,35.5,64.7,854.6,107.5,66.2,48.1,6.06,5.44,4.7,4.23
Cotton,Loamy,50.9,23.6,63.3,119.5,40.7,71.7,55.7,6.96,5.6,0.8,1.68
Maize,Loamy,53.6,28.1,29.5,1386.5,116.3,60.0,40.9,7.8,7.77,1.0,2.52
Wheat,Red,47.4,21.1,43.7,766.3,120.7,71.1,44.8,5.98,2.91,2.5,3.5
Cotton,Black,5.0,29.0,51.7,724.2,160.0,90.6,45.9,6.34,8.61,2.3,1.62
Wheat,Red,52.9,22.9,64.3,842.9,111.8,50.2,67.7,5.89,8.12,0.7,2.96
Cotton,Red,32.6,13.7,58.2,271.5,107.6,72.1,5.0,6.67,3.91,5.0,1.69
Tomato,Sandy,74.5,18.5,53.4,412.3,174.1,96.4,93.3,6.5,9.22,2.5,26.52
Cotton,Alluvial,46.9,28.4,54.9,676.3,82.4,59.9,14.2,6.79,7.05,2.1,1.96
Cotton,Black,58.6,18.3,41.9,297.9,99.7,22.9,73.8,6.26,1.23,1.3,1.69
Potato,Loamy,73.0,10.3,44.0,1118.5,136.6,99.2,111.5,5.14,4.57,1.4,16.8
Potato,Red,39.8,17.9,59.1,562.7,122.5,96.0,123.1,4.66,6.76,1.6,20.17
Cotton,Sandy,50.6,33.0,31.3,630.2,85.9,34.8,83.8,6.48,5.63,2.3,1.75
Potato,Black,76.0,22.2,27.3,362.3,103.1,89.6,34.4,7.54,6.44,2.1,17.4
Maize,Clay,65.7,31.6,62.0,654.0,125.7,43.5,22.8,5.12,2.92,0.0,2.56
Maize,Black,52.6,19.8,95.0,1142.0,102.7,64.7,24.8,5.39,6.14,1.9,2.59
Potato,Red,42.7,25.7,74.9,857.2,94.4,89.5,115.8,5.12,2.49,2.2,17.89
Rice,Sandy,39.1,28.3,30.2,1131.5,119.7,70.9,58.4,6.54,2.81,3.7,3.69
Wheat,Black,34.1,31.8,79.0,525.7,105.2,57.4,35.0,6.03,5.28,1.8,3.17
Tomato,Clay,60.9,22.4,53.5,214.7,54.8,42.9,62.1,6.82,2.6,2.3,28.04
Rice,Alluvial,62.4,23.4,74.3,1254.1,70.7,25.9,43.4,5.27,0.85,3.7,4.28
Wheat,Red,43.7,30.2,39.3,678.5,147.5,58.3,58.0,6.27,9.44,3.2,3.44
Wheat,Loamy,55.4,32.4,76.1,756.4,161.6,63.8,21.8,6.51,4.15,0.9,3.05
Potato,Alluvial,39.7,18.6,75.9,277.6,150.3,55.8,77.0,6.66,0.67,0.9,18.82
Sugarcane,Red,38.5,15.0,80.7,1560.2,161.7,25.6,30.1,7.21,3.14,4.1,55.93
Rice,Red,66.0,27.6,62.9,2132.9,37.0,63.7,47.1,6.45,4.93,3.8,4.23
Rice,Loamy,95.0,23.2,64.3,1473.8,109.3,35.8,79.0,6.41,8.34,3.3,4.09
Rice,Loamy,60.0,27.2,71.8,1250.5,101.3,59.9,66.7,5.95,6.9,3.4,4.22
Rice,Sandy,25.5,13.6,32.6,1608.5,100.4,24.8,62.3,6.79,3.71,4.2,3.53
Maize,Loamy,68.8,34.9,64.6,869.6,147.7,60.1,58.6,5.78,4.55,3.5,2.7
Potato,Clay,51.8,9.1,77.3,552.9,144.4,77.8,143.3,4.0,8.06,2.5,18.42
Potato,Alluvial,24.9,12.3,48.2,674.0,102.9,69.2,90.6,4.9,8.92,2.7,19.35
Rice,Red,86.8,12.9,64.4,1002.5,139.1,39.7,16.5,5.98,7.48,3.4,3.39
Cotton,Sandy,67.8,36.8,67.2,558.5,111.5,63.8,25.3,7.68,6.74,2.1,1.68
Maize,Loamy,30.1,39.7,71.5,194.3,140.0,49.6,24.0,6.32,7.35,2.9,2.29
Cotton,Clay,52.7,30.8,59.7,814.4,123.7,59.1,17.2,6.37,9.49,1.6,1.86
Potato,Alluvial,59.0,29.3,78.8,692.3,141.8,124.3,121.1,6.24,6.48,0.8,16.4
Rice,Sandy,92.6,26.8,52.3,899.1,105.1,42.8,35.3,4.89,4.72,3.3,4.12
Wheat,Sandy,46.8,25.5,61.4,564.0,134.6,25.2,17.7,5.46,9.27,2.4,3.12
Tomato,Black,79.3,28.7,62.8,110.6,132.3,97.7,104.3,6.27,6.92,2.6,24.58
Maize,Alluvial,46.0,18.7,54.0,874.2,129.8,45.0,40.0,7.09,1.08,3.0,2.97
Wheat,Loamy,10.2,27.6,66.1,655.3,151.9,84.3,60.0,5.82,7.63,1.8,2.66
Cotton,Loamy,47.9,14.0,63.5,910.2,55.4,83.2,24.8,7.46,8.28,2.8,1.54
Rice,Alluvial,67.8,27.1,63.3,1025.9,94.0,57.4,76.0,4.44,8.88,3.8,3.99
Wheat,Black,33.6,21.7,68.3,457.8,64.6,51.4,65.7,6.23,7.62,1.4,3.09
Cotton,Clay,42.7,34.2,95.0,868.9,134.8,39.9,24.4,7.05,1.73,3.2,1.79
Tomato,Sandy,61.5,27.0,64.4,331.4,94.6,46.0,134.6,6.31,1.58,1.9,23.36
Wheat,Loamy,37.3,25.3,69.0,961.3,174.2,70.1,13.6,6.29,6.82,4.2,3.11
Tomato,Sandy,40.7,24.3,83.7,377.5,109.2,99.1,82.5,6.71,4.4,3.1,28.25
Rice,Black,52.6,22.7,53.0,621.6,75.5,27.3,39.7,5.41,5.94,1.5,3.6
Sugarcane,Loamy,69.9,29.3,77.9,1074.3,182.8,59.0,26.6,7.08,5.78,6.1,62.86
Maize,Sandy,42.6,30.3,37.9,289.6,116.7,61.6,24.0,6.73,6.93,2.5,2.81
Maize,Red,72.4,11.2,37.2,403.3,125.6,31.9,49.2,6.55,3.04,1.4,2.34
Cotton,Red,5.0,27.3,53.5,493.4,69.6,66.2,110.6,6.33,8.92,2.8,1.7
Wheat,Red,70.2,24.9,60.5,538.2,117.5,83.0,11.5,6.28,6.81,1.1,3.2
Maize,Loamy,29.8,22.5,70.9,915.6,169.3,67.7,53.8,6.47,4.62,1.6,2.76
Tomato,Red,77.1,21.5,44.9,221.6,101.1,64.0,112.8,5.76,9.1,2.0,27.01
Cotton,Sandy,62.5,31.4,72.0,47.7,93.4,28.4,104.1,7.92,3.11,3.9,1.52
Cotton,Clay,43.5,36.7,34.0,297.2,66.8,67.3,40.8,6.74,1.44,4.4,1.85
Sugarcane,Sandy,89.5,23.6,52.7,2326.2,112.7,47.5,32.6,6.45,2.74,3.8,62.29
Rice,Clay,81.0,22.5,51.2,958.3,72.7,83.7,71.1,6.02,9.09,3.1,3.77
Maize,Alluvial,26.0,6.6,49.5,752.6,143.1,63.0,5.0,6.84,9.14,1.6,2.5
Wheat,Loamy,10.9,24.5,42.2,520.9,136.0,61.8,18.7,6.51,6.39,2.9,3.07
Rice,Sandy,68.9,16.3,77.4,1245.5,163.6,45.4,5.0,7.17,8.43,3.4,3.91
Rice,Loamy,72.5,38.3,90.0,1120.4,110.6,69.6,69.2,6.61,3.88,4.4,3.88
Potato,Black,32.8,30.2,71.7,800.1,92.1,81.4,107.5,5.7,2.14,4.0,18.01
Cotton,Alluvial,57.7,20.3,65.8,893.0,62.9,50.8,48.0,6.48,0.97,0.5,1.79
Potato,Black,69.3,5.0,57.6,503.2,114.2,72.1,83.3,6.1,9.13,1.9,18.21
Potato,Black,90.3,21.6,61.2,509.6,48.5,94.9,103.4,5.84,3.33,3.4,17.36
Rice,Loamy,58.7,28.2,78.1,324.2,147.4,41.9,62.8,6.49,0.87,3.7,3.59
Potato,Sandy,49.3,5.0,52.4,805.9,130.3,88.1,133.2,4.67,2.02,1.8,18.71
Maize,Loamy,65.8,28.5,70.9,315.5,91.9,33.6,16.9,7.44,3.79,1.1,2.46
Rice,Black,76.6,17.9,71.3,868.6,124.2,41.5,30.2,7.29,1.22,4.2,4.01
Maize,Loamy,27.8,31.6,85.3,1242.7,176.7,56.0,30.9,4.86,5.61,3.3,2.38
Maize,Sandy,32.5,27.3,57.4,907.6,138.1,31.0,41.9,7.04,9.33,0.4,2.23
Wheat,Loamy,84.1,8.0,45.6,20.0,179.8,41.1,5.0,6.01,4.19,2.1,2.42
Cotton,Loamy,51.6,23.3,62.9,932.8,70.1,5.0,66.8,9.0,3.19,4.1,1.57
Wheat,Red,43.6,20.5,73.7,492.6,81.5,77.6,25.2,5.72,5.12,2.4,3.57
Tomato,Red,39.0,28.5,64.7,295.7,123.0,59.7,62.4,5.34,0.6,1.6,25.74
Sugarcane,Alluvial,92.0,25.7,48.2,1582.1,111.2,68.3,68.0,6.66,5.76,5.6,64.01
Rice,Clay,82.1,36.4,95.0,807.6,103.9,40.4,71.1,6.22,5.3,3.3,3.76
Wheat,Clay,30.6,14.4,64.9,1053.2,59.7,61.9,16.9,7.3,7.5,0.0,2.76
Sugarcane,Sandy,62.6,35.0,46.9,1081.0,180.3,69.1,94.5,5.96,1.42,4.2,59.66
Cotton,Clay,10.5,20.3,57.7,20.0,22.9,10.5,42.7,6.79,2.92,3.3,1.51
Tomato,Black,39.6,17.1,34.4,391.3,133.6,97.1,83.9,6.69,5.16,3.8,25.8
Rice,Loamy,77.1,31.0,66.6,1217.7,146.0,5.0,53.7,6.9,5.91,4.3,3.54
Sugarcane,Red,51.0,33.7,55.7,1939.8,163.1,54.1,72.5,5.97,9.7,5.6,62.51
Potato,Alluvial,54.4,12.5,41.0,535.3,101.0,42.4,66.7,6.8,2.91,3.0,18.26
Sugarcane,Loamy,86.0,19.4,30.2,510.3,125.7,107.8,49.7,6.62,1.49,4.1,58.24
Potato,Sandy,56.4,23.0,64.3,474.1,98.4,81.6,127.4,6.93,9.01,0.7,20.87
Rice,Sandy,79.3,36.5,46.7,634.0,84.0,54.2,71.7,5.21,5.06,2.4,3.64
Tomato,Clay,41.4,29.9,61.2,530.9,99.3,54.9,80.9,6.7,6.27,1.0,26.12
Maize,Clay,64.6,33.8,55.0,629.6,184.8,102.4,40.7,5.27,8.38,1.3,2.22
Potato,Black,60.3,10.6,76.4,680.4,180.3,95.6,76.0,5.92,7.31,1.0,19.25
Wheat,Alluvial,24.5,34.8,69.3,383.1,123.8,57.5,15.7,6.53,7.09,0.1,2.94
Rice,Sandy,51.1,19.9,53.6,791.9,124.7,27.7,50.5,7.6,7.89,3.8,3.75
Maize,Loamy,60.2,21.5,59.7,676.8,128.0,64.2,48.8,5.2,5.82,3.0,2.91
Maize,Loamy,66.7,12.3,58.4,314.6,200.0,62.8,10.6,9.0,3.66,0.3,2.01
Sugarcane,Red,84.5,17.0,53.8,1890.8,143.9,66.7,34.7,8.18,2.29,3.1,56.54
Cotton,Sandy,71.0,29.6,45.4,826.7,91.7,24.2,59.5,7.28,5.44,2.2,1.9
Maize,Clay,58.5,28.9,65.2,586.9,143.6,58.1,89.0,5.83,5.22,1.9,2.65
Wheat,Red,43.6,23.6,53.1,685.9,123.9,78.1,42.3,6.58,8.41,0.9,3.62
Potato,Alluvial,85.5,23.6,56.7,505.1,108.2,84.2,75.7,6.17,8.84,2.4,19.63
Cotton,Alluvial,51.6,19.2,78.8,652.4,119.3,51.6,6.2,6.31,6.26,2.8,1.66
Tomato,Red,37.6,16.6,61.5,20.0,160.2,78.8,120.7,5.04,6.06,4.4,22.66
Maize,Red,45.6,25.9,52.0,20.0,151.5,67.6,57.2,5.9,7.83,3.7,2.63
Potato,Clay,26.6,16.0,62.1,657.6,125.1,61.6,129.2,5.5,5.54,2.8,18.04
Sugarcane,Black,72.4,14.1,38.3,2154.5,125.9,39.0,85.0,6.12,3.11,3.6,57.33
Cotton,Black,66.5,35.0,49.2,60.4,169.2,45.8,30.9,8.11,7.34,3.7,1.56
Wheat,Clay,21.4,17.6,65.8,1029.6,139.8,58.3,28.1,7.44,2.7,1.1,3.09
Rice,Black,57.9,35.2,66.5,1417.5,105.8,54.8,10.5,6.64,8.94,3.4,4.09
Sugarcane,Loamy,85.5,19.3,59.1,1732.2,156.0,91.9,72.0,5.81,5.38,4.8,61.32
Rice,Loamy,74.5,30.2,95.0,1092.7,90.5,52.3,76.8,4.79,1.04,3.5,4.05
Rice,Clay,48.6,22.2,70.6,1702.0,98.6,29.1,76.4,6.56,0.69,3.7,3.9
Wheat,Red,59.9,29.8,55.8,1317.3,109.4,62.2,72.4,6.95,5.25,0.7,2.73
Rice,Clay,64.7,36.4,50.3,1406.2,100.3,56.6,51.0,6.6,3.27,3.8,4.04
Tomato,Clay,81.4,39.8,59.9,851.4,86.8,59.4,126.4,6.94,5.91,1.7,22.34
Cotton,Black,21.8,29.8,78.0,556.9,91.4,59.7,36.0,7.24,0.82,4.3,1.93
Maize,Red,77.9,26.6,78.3,743.5,137.1,53.3,32.2,4.96,1.19,2.1,2.76
Maize,Clay,63.4,24.7,57.6,416.9,142.2,74.8,11.4,6.27,0.51,2.9,2.76
Maize,Loamy,39.4,25.8,43.0,813.7,113.1,81.3,98.4,5.51,2.13,1.3,2.76
Cotton,Red,48.7,21.0,56.9,264.9,124.7,33.3,63.8,6.72,8.97,3.0,1.65
Tomato,Alluvial,55.4,25.9,67.8,552.3,69.8,94.6,118.7,6.22,3.34,3.0,29.23
Maize,Clay,63.1,23.2,38.8,987.3,98.6,77.9,20.7,4.93,8.6,4.2,2.54
Maize,Black,61.8,25.3,53.5,581.1,152.9,76.9,25.2,5.55,8.11,4.2,2.72
Sugarcane,Sandy,70.7,21.5,53.4,1833.5,105.5,62.5,18.1,6.59,9.44,4.1,64.15
Wheat,Loamy,77.1,24.7,77.0,709.0,59.0,36.2,15.4,6.3,8.23,2.0,2.88
Maize,Sandy,78.6,31.0,74.5,600.7,88.1,99.1,38.5,5.6,8.3,3.3,2.47
Tomato,Sandy,32.0,29.0,60.7,744.0,116.2,48.6,133.2,5.51,8.88,0.7,22.15
Sugarcane,Loamy,31.2,37.5,42.7,1263.4,158.7,69.2,79.7,5.22,7.88,3.2,58.77
Rice,Sandy,43.6,24.3,39.6,496.5,88.4,54.7,120.0,6.44,5.19,2.8,3.78
Tomato,Clay,95.0,17.5,51.8,636.4,116.2,61.5,114.0,6.27,9.84,0.8,22.89
Rice,Clay,89.6,21.6,58.0,1828.9,97.4,45.8,72.4,5.52,1.33,4.1,3.95
Maize,Clay,82.9,18.5,80.5,880.1,100.2,8.1,20.0,6.43,4.64,1.1,2.26
Wheat,Sandy,49.8,15.4,46.4,1032.3,90.5,57.2,89.0,7.17,2.49,2.6,3.08
Cotton,Red,58.2,33.5,72.0,348.3,53.6,61.2,72.2,8.29,9.39,2.3,1.64
Potato,Red,50.7,23.4,55.8,486.4,144.9,67.5,134.8,6.01,4.75,1.8,18.04
Tomato,Loamy,46.0,29.7,46.8,540.7,127.1,75.1,118.5,7.95,9.63,0.9,26.17
Rice,Loamy,75.5,22.6,50.8,1311.4,103.8,65.6,82.5,5.45,2.94,3.4,4.15
Potato,Black,92.3,11.7,70.4,217.3,115.4,110.9,79.6,7.26,8.99,3.2,16.24
Rice,Red,44.3,23.2,77.9,1065.7,104.2,19.1,36.6,6.9,6.6,3.1,3.82
Potato,Black,41.8,25.0,62.2,853.0,118.1,67.0,106.9,5.14,8.16,1.8,17.04
Maize,Black,32.5,22.8,67.7,783.7,175.8,73.3,12.4,5.81,6.61,3.1,2.66
Cotton,Black,5.0,17.7,52.3,783.3,84.4,42.7,41.4,7.14,3.65,2.9,1.54
Tomato,Black,68.7,23.5,57.9,557.0,131.8,86.9,86.8,7.06,5.54,3.4,27.02
Potato,Sandy,51.9,26.8,65.4,516.8,147.2,81.4,150.0,4.35,8.25,0.7,18.84
Cotton,Red,55.2,34.0,30.9,598.8,52.3,36.7,27.4,7.65,2.13,0.7,1.77
Sugarcane,Loamy,70.9,19.5,54.5,1762.2,165.6,96.7,57.9,6.75,6.97,3.8,61.74
Sugarcane,Red,32.5,28.7,65.5,1146.3,111.5,99.5,72.3,6.32,3.55,4.2,54.39
Cotton,Clay,30.1,32.1,47.8,1087.8,140.6,40.7,34.3,4.91,4.07,2.0,1.61
Potato,Red,30.8,15.8,67.6,637.2,63.0,77.4,65.4,6.22,2.74,1.6,17.58
Sugarcane,Clay,24.4,28.7,55.9,2004.5,117.0,57.6,22.3,5.7,6.93,4.6,51.22
Potato,Sandy,51.0,10.7,54.7,886.7,118.6,93.2,105.2,5.7,9.82,1.2,20.55
Maize,Red,29.6,15.7,69.2,825.3,131.5,75.1,5.0,6.8,1.7,2.9,2.86
Tomato,Red,62.2,33.6,61.6,237.8,138.7,83.3,64.3,6.61,7.25,0.6,23.96
Maize,Alluvial,57.9,13.0,76.0,616.1,178.1,69.8,9.4,7.34,6.31,1.2,2.68
Maize,Clay,52.6,18.4,85.4,746.9,58.9,66.8,31.3,6.14,3.69,3.1,2.48
Sugarcane,Loamy,58.9,25.7,60.3,1082.7,167.4,79.2,98.5,7.5,0.77,4.5,64.03
Potato,Clay,37.9,23.6,52.3,234.0,128.4,26.5,56.2,5.36,0.78,0.4,18.37
Tomato,Sandy,45.4,14.6,86.9,536.4,129.3,48.4,102.8,7.72,9.08,1.3,24.95
Rice,Black,42.0,21.1,52.6,815.0,139.8,87.8,65.5,6.31,1.43,4.0,3.54
Wheat,Black,73.9,21.5,53.1,979.8,117.8,79.5,29.8,7.31,0.6,3.5,3.12
Potato,Clay,42.2,17.3,89.2,435.9,144.3,125.8,53.8,5.28,3.13,0.8,18.94
Rice,Red,85.4,13.1,88.3,1469.1,68.4,70.5,64.9,5.97,7.78,1.6,3.93
Tomato,Black,29.1,14.6,62.6,491.3,141.3,61.0,83.9,7.2,1.13,2.3,24.76
Maize,Clay,44.0,29.7,67.7,473.7,124.8,14.0,58.7,6.39,4.48,1.5,2.76
Sugarcane,Black,16.3,25.2,51.5,953.6,176.9,94.2,62.6,6.35,1.0,2.3,60.01
Potato,Red,35.7,11.7,68.1,421.4,160.8,96.1,80.0,6.01,8.51,2.7,17.84
Tomato,Alluvial,58.6,35.8,66.6,481.6,100.9,57.4,100.5,6.38,1.41,3.2,28.95
Wheat,Red,35.5,25.5,56.6,20.0,114.2,41.3,38.3,6.48,1.8,2.1,3.13
Sugarcane,Loamy,57.7,31.6,47.9,544.0,154.7,91.4,77.2,6.64,6.82,5.0,62.32
Sugarcane,Red,70.2,25.3,77.0,1420.9,135.0,18.2,40.0,5.45,2.05,5.5,62.27
Potato,Alluvial,54.4,10.1,64.3,992.3,167.5,51.9,63.9,4.14,5.98,1.7,16.14
Cotton,Sandy,58.7,32.2,34.4,919.1,115.2,60.6,35.7,6.85,2.09,2.5,1.79
Tomato,Sandy,37.0,16.0,46.7,871.3,89.9,88.8,89.4,5.64,3.49,1.0,23.66
Potato,Loamy,37.8,22.1,52.4,453.3,146.8,64.7,93.4,5.79,4.9,3.1,19.76
Wheat,Sandy,82.2,23.3,72.3,586.5,128.9,93.3,5.0,6.83,5.44,1.0,3.28
Tomato,Clay,56.5,23.6,94.5,399.3,109.3,53.4,80.3,5.47,3.63,4.0,26.12
Potato,Red,59.3,17.6,61.1,921.0,96.9,85.6,106.8,6.41,9.87,3.1,19.97
Wheat,Clay,37.4,27.7,76.8,1039.6,71.4,46.0,53.4,6.94,4.84,3.5,3.23
Sugarcane,Loamy,88.0,8.0,57.0,2500.0,163.8,65.8,17.9,7.79,6.69,3.0,49.99
Sugarcane,Sandy,82.2,25.6,67.8,1437.0,163.9,69.7,57.7,6.52,1.1,4.1,62.01
Maize,Alluvial,46.9,20.5,66.6,456.0,105.4,62.2,49.6,5.26,3.7,0.5,2.82
Tomato,Sandy,43.5,18.5,88.1,250.9,183.2,78.7,92.3,6.68,4.98,3.0,25.63
Potato,Red,34.8,12.0,60.5,51.3,120.7,113.9,103.8,5.27,8.16,3.0,16.56
Maize,Black,84.8,26.1,59.8,1035.0,172.8,43.9,26.8,5.14,8.72,1.5,2.64
Rice,Black,55.0,22.6,47.1,1529.7,34.1,32.3,48.8,6.17,1.26,3.7,3.68
Maize,Clay,21.2,8.7,60.4,481.2,104.2,60.3,45.8,5.53,2.37,1.5,2.35
Potato,Loamy,47.6,22.3,43.8,333.4,108.0,79.9,106.9,7.13,9.04,2.4,18.95
Sugarcane,Sandy,60.2,18.2,52.1,1130.6,161.8,37.0,74.8,6.41,1.7,3.3,65.17
Potato,Black,47.2,24.5,72.0,995.3,105.1,13.0,89.8,5.68,6.85,2.4,16.97
Cotton,Alluvial,21.4,25.8,43.8,606.4,147.7,47.2,46.6,5.64,9.92,3.4,1.81
Potato,Red,50.5,15.5,76.6,418.5,158.8,54.3,116.9,6.82,3.89,0.2,20.26
Potato,Red,41.5,21.3,32.8,156.6,156.6,82.4,83.4,5.6,6.73,0.8,19.93
Sugarcane,Loamy,76.0,31.1,39.8,986.6,144.2,70.5,61.3,5.41,9.93,3.5,61.79
Potato,Clay,34.0,17.9,58.3,708.4,94.2,84.7,60.8,5.28,8.44,2.6,19.4
Potato,Sandy,47.0,22.0,88.0,378.5,161.4,97.5,93.3,5.35,9.21,0.8,20.27
Tomato,Black,32.4,18.6,39.0,939.3,109.3,68.8,104.7,7.07,7.39,1.2,25.73
Potato,Clay,50.0,18.0,53.8,281.7,97.5,82.8,96.0,5.92,9.17,2.7,21.55
Maize,Alluvial,56.9,30.1,40.0,597.6,184.8,73.2,51.2,6.99,5.27,3.3,2.72
Cotton,Red,36.6,20.6,51.9,701.5,86.5,42.5,24.3,8.15,7.68,3.5,1.75
Tomato,Sandy,65.3,19.0,60.5,514.7,88.9,39.2,102.9,5.78,7.85,0.9,27.45
Tomato,Alluvial,43.9,27.6,81.0,742.8,114.4,97.9,82.3,5.27,5.72,3.3,27.15
Potato,Black,41.6,13.8,75.3,854.0,90.0,109.4,121.9,4.86,7.85,4.2,17.07
Cotton,Black,55.2,32.1,62.0,1240.3,163.5,37.7,65.3,8.5,6.44,2.0,1.66
Rice,Alluvial,84.9,18.3,62.9,1646.3,28.3,65.7,101.0,5.57,9.19,3.6,3.32
Wheat,Clay,16.3,28.1,75.4,857.6,122.6,40.0,74.8,6.53,4.0,1.0,2.83
Wheat,Red,45.3,18.7,80.0,40.7,148.2,88.3,5.0,5.13,4.46,1.9,3.13
Potato,Alluvial,58.1,17.8,56.9,620.4,135.6,76.6,74.6,6.34,6.02,2.9,21.58
Rice,Loamy,75.6,25.7,74.5,1057.0,103.2,15.2,57.6,5.4,8.44,3.7,4.62
Wheat,Black,63.4,28.8,69.9,904.4,169.7,51.6,65.2,6.79,8.12,1.9,2.87
Rice,Sandy,73.9,20.1,73.0,1159.9,102.5,77.1,53.2,7.24,2.0,3.3,3.96
Wheat,Sandy,39.5,32.9,33.9,633.3,147.9,72.5,65.5,8.12,4.32,2.7,3.25
Sugarcane,Alluvial,95.0,22.6,56.5,1949.1,147.3,79.9,99.4,7.11,9.53,4.8,55.79
Cotton,Alluvial,49.6,15.9,58.2,1067.5,83.0,73.7,51.4,7.57,6.16,1.4,1.81
Wheat,Alluvial,34.2,26.4,76.8,803.6,78.3,80.7,11.5,6.99,3.52,2.3,2.86
Rice,Alluvial,66.5,31.1,59.7,608.0,108.3,14.8,27.9,5.71,3.03,3.0,3.88
Maize,Loamy,74.7,37.2,93.8,1073.0,128.1,51.7,28.3,7.79,9.92,1.5,2.17
Wheat,Black,42.9,32.2,77.9,711.6,76.5,58.1,43.7,7.52,1.95,0.0,3.09
Potato,Alluvial,55.6,26.6,42.8,415.9,133.1,84.1,66.4,4.98,5.77,3.3,21.29
Maize,Black,65.7,43.4,67.2,608.7,135.2,74.2,33.5,6.89,7.5,1.1,2.58
Tomato,Red,85.4,20.4,58.8,444.8,109.7,51.1,62.8,7.3,7.11,3.4,27.04
Potato,Black,54.6,24.9,39.2,440.3,115.3,78.7,66.9,6.06,3.39,1.3,21.16
Potato,Sandy,63.9,13.2,58.0,220.9,179.4,81.5,128.7,5.89,0.93,0.9,17.47
Potato,Black,67.3,9.3,48.4,688.8,121.1,82.4,100.8,6.28,8.34,2.4,19.96
Cotton,Clay,80.4,23.4,95.0,243.5,158.1,37.3,48.3,7.01,5.64,1.8,1.69
Sugarcane,Clay,74.8,20.7,75.7,1490.8,104.8,56.6,92.7,5.75,5.77,4.2,63.67
Tomato,Alluvial,81.1,12.8,46.9,609.2,118.1,87.9,58.0,6.07,9.45,1.5,24.89
Potato,Black,65.7,25.5,54.9,895.9,96.4,110.0,114.1,4.52,9.77,1.6,15.77
Sugarcane,Loamy,63.7,34.1,39.0,1157.6,178.3,75.2,35.9,5.2,4.36,2.5,60.08
Rice,Alluvial,64.3,29.5,66.6,1524.9,138.5,51.6,17.3,5.72,3.21,6.8,4.11
Sugarcane,Loamy,71.9,36.9,50.5,1798.5,146.7,66.3,40.7,7.83,8.82,4.7,54.39
Tomato,Clay,73.9,23.8,56.6,543.6,178.7,34.7,109.6,5.57,4.09,1.4,20.99
Rice,Red,76.8,24.2,56.1,1153.5,76.3,53.7,43.8,6.09,1.06,4.1,4.29
Maize,Alluvial,40.6,27.2,67.8,282.7,169.3,101.1,37.8,6.06,9.28,3.6,2.43
Wheat,Sandy,54.2,9.3,47.0,814.9,115.6,36.7,77.5,5.86,1.16,3.3,3.24
Sugarcane,Black,72.1,22.3,55.0,1812.3,90.7,53.1,65.3,6.08,8.34,4.2,60.83
Wheat,Red,13.4,5.0,73.2,330.2,91.0,79.7,27.6,7.23,7.39,2.9,2.47
Tomato,Alluvial,48.5,28.0,72.4,96.2,110.7,24.4,86.9,6.0,2.2,1.8,28.19
Rice,Red,68.8,20.7,48.0,1288.7,118.9,51.3,52.4,5.6,1.09,4.4,4.12
Maize,Sandy,62.7,13.8,46.6,469.1,138.1,26.3,18.0,5.09,4.91,3.5,2.34
Potato,Alluvial,47.0,13.5,84.5,759.2,99.3,83.3,123.6,4.95,2.01,1.9,18.95
Rice,Loamy,81.0,26.7,71.9,1726.2,131.7,59.4,50.3,5.22,7.12,4.7,4.03
Tomato,Alluvial,69.0,13.3,77.7,401.0,50.9,67.8,106.2,5.49,3.85,1.5,25.31
Rice,Alluvial,39.2,19.1,49.3,1149.3,10.0,64.3,67.7,6.95,4.74,4.2,3.31
Sugarcane,Clay,91.6,26.8,59.2,689.9,181.9,60.8,60.8,6.47,4.94,2.8,53.11
Wheat,Clay,53.3,28.3,47.7,482.6,115.8,75.5,34.1,5.08,9.22,3.1,2.78
Potato,Clay,28.3,14.7,67.1,725.2,135.2,75.0,121.5,4.99,9.22,3.3,19.13
Wheat,Sandy,33.1,24.2,41.2,659.5,155.7,54.0,67.3,8.97,9.57,3.9,2.97
Tomato,Sandy,74.8,26.9,35.9,542.4,142.2,52.9,114.1,6.86,4.83,1.4,27.82
Potato,Alluvial,80.8,5.0,29.0,523.2,106.7,80.2,123.6,5.06,5.76,0.2,17.85
Tomato,Loamy,74.9,19.9,59.0,563.0,142.5,63.3,128.0,4.59,2.69,2.5,26.27
Tomato,Red,67.6,15.6,51.4,711.3,48.5,56.4,56.7,6.49,8.67,1.5,22.77
Rice,Alluvial,43.0,27.0,48.4,992.3,128.2,65.2,94.9,5.75,7.49,3.0,3.97
Cotton,Alluvial,9.3,25.5,52.8,885.2,92.5,73.7,52.0,8.42,6.41,3.9,1.62
Cotton,Sandy,61.3,5.2,67.2,924.2,139.9,26.5,64.8,7.16,8.49,1.2,1.67
Cotton,Alluvial,44.8,28.3,56.4,553.3,105.9,38.0,72.1,8.02,7.46,3.6,1.86
Sugarcane,Black,52.1,35.4,55.5,857.4,144.8,98.8,64.1,6.51,4.29,2.5,62.18
Wheat,Alluvial,51.7,23.3,83.1,729.1,107.9,60.0,42.9,5.16,0.64,2.1,3.01
Cotton,Sandy,43.8,32.9,70.6,554.3,81.1,62.0,59.6,6.35,5.82,3.2,1.98
Sugarcane,Sandy,65.4,28.5,72.2,1123.1,151.6,72.5,36.1,8.35,3.96,5.3,57.49
Sugarcane,Clay,46.5,30.9,82.0,1484.3,200.0,35.5,77.3,7.43,4.39,4.8,55.57
Tomato,Alluvial,43.5,25.8,76.6,380.7,146.2,34.9,145.5,6.35,9.74,2.4,24.75
Sugarcane,Sandy,67.1,19.7,46.1,1265.9,152.2,93.9,26.5,6.24,9.15,3.5,60.34
Wheat,Red,30.0,16.6,48.1,712.4,115.2,48.9,50.7,7.88,4.52,0.0,3.24
Maize,Black,63.0,26.6,52.2,863.4,171.5,40.3,64.4,6.94,1.45,3.2,2.83
Wheat,Clay,26.7,19.1,72.3,687.2,152.6,53.2,15.0,8.25,9.42,1.7,2.94
Tomato,Alluvial,24.7,19.0,64.2,680.7,129.4,116.2,87.1,5.6,10.0,1.6,23.54
Wheat,Sandy,59.1,25.0,41.0,964.6,95.7,36.3,42.2,5.09,4.68,4.1,2.98
Cotton,Sandy,35.2,39.1,77.3,295.1,117.5,62.0,63.2,7.32,0.5,3.8,1.68
Tomato,Black,45.1,15.8,71.7,20.0,129.6,79.5,31.4,5.79,4.23,1.4,23.79
Tomato,Loamy,65.5,20.9,62.5,698.0,74.2,49.7,41.6,5.86,4.98,2.1,25.35
Potato,Loamy,30.9,14.1,37.7,207.5,131.7,56.5,127.8,5.44,0.81,3.3,18.77
Maize,Black,63.9,36.9,52.3,696.4,103.4,96.5,5.0,7.55,9.68,3.6,2.4
Tomato,Sandy,42.6,26.7,79.7,724.0,72.3,95.8,82.0,6.78,5.85,1.9,24.82
Tomato,Loamy,65.9,33.8,57.4,768.3,104.3,87.0,34.5,8.24,4.75,2.4,23.3
Sugarcane,Alluvial,39.0,29.6,66.2,1010.5,183.6,86.1,84.4,6.51,9.4,4.5,62.4
Cotton,Loamy,35.1,16.9,80.3,1282.3,98.8,93.2,52.3,6.7,7.3,4.0,1.59
Tomato,Red,47.8,14.5,64.4,523.1,150.2,34.8,66.4,6.94,2.1,2.4,25.62
Tomato,Alluvial,77.7,14.9,49.1,251.9,49.6,72.7,76.9,5.71,0.84,2.2,25.84
Rice,Sandy,55.6,28.8,66.9,1085.1,89.1,53.7,49.3,7.06,8.54,5.1,4.34
Wheat,Black,26.5,20.7,95.0,567.9,135.6,79.0,35.5,6.17,3.24,1.4,3.24
Rice,Black,90.7,27.5,73.4,1102.8,76.0,31.1,14.0,5.65,2.7,5.6,4.19
Maize,Clay,63.6,22.4,56.7,372.4,139.2,16.8,71.4,4.0,1.83,0.6,2.38
Sugarcane,Black,95.0,29.4,22.2,833.6,85.6,44.1,19.2,6.7,8.97,3.1,51.87
Tomato,Sandy,31.8,20.5,60.3,352.6,92.5,75.1,131.5,6.09,9.87,1.1,27.06
Maize,Alluvial,26.0,27.6,56.5,1067.1,179.8,76.8,60.4,4.0,8.59,2.9,2.35
Sugarcane,Black,42.1,26.1,44.4,2034.3,121.3,54.1,48.4,8.3,6.89,2.6,62.15
Cotton,Loamy,64.1,13.9,49.9,1268.0,71.1,13.6,51.2,5.58,3.7,2.6,1.57
Cotton,Clay,32.7,30.0,67.8,529.4,65.2,64.6,32.7,6.3,3.39,4.3,1.88
Potato,Sandy,75.2,14.0,79.9,637.7,119.2,116.3,102.4,5.09,0.96,3.3,19.47
Rice,Sandy,81.9,25.4,57.4,834.5,107.2,33.8,51.8,5.07,0.57,4.6,3.81
Sugarcane,Sandy,57.4,24.9,57.0,1590.8,164.0,75.1,67.0,6.36,3.44,4.3,74.92
Cotton,Black,64.1,25.2,52.7,95.9,114.0,13.5,70.4,5.79,3.86,2.2,1.59
Tomato,Loamy,42.1,30.5,82.6,306.7,108.6,79.8,81.8,6.66,0.58,5.5,25.22
Tomato,Clay,72.3,16.8,30.5,375.2,155.3,94.2,75.5,6.66,7.54,1.7,25.59
Wheat,Red,36.5,31.0,84.0,1146.7,142.7,54.9,5.0,6.74,9.98,0.7,2.9
Cotton,Black,50.0,33.1,70.2,907.6,118.1,41.8,48.2,7.07,1.74,4.6,1.87
Cotton,Sandy,32.1,35.4,38.6,20.0,56.7,67.1,52.2,7.3,4.29,1.3,1.82
Tomato,Black,45.1,23.6,63.6,400.7,128.3,71.7,85.0,5.97,2.34,0.2,30.11
Maize,Clay,18.5,26.3,85.1,655.2,120.2,41.3,71.2,5.58,8.55,0.7,2.49
Sugarcane,Loamy,52.4,37.7,43.3,1390.7,104.8,93.8,48.1,5.94,2.93,4.6,59.49
Potato,Loamy,51.9,28.7,49.4,149.1,120.6,72.0,150.0,6.04,9.75,0.9,16.1
Tomato,Loamy,53.4,18.0,76.0,540.4,78.9,83.0,111.9,6.23,3.6,2.9,27.77
Maize,Clay,34.8,30.7,48.3,648.1,114.2,64.6,49.8,6.54,5.57,2.6,2.92
Potato,Red,56.7,5.0,56.3,928.1,159.6,89.2,82.0,5.54,7.78,2.6,18.42
Tomato,Alluvial,44.1,20.1,31.3,595.1,170.0,54.3,149.6,6.21,5.67,3.2,26.22
Maize,Black,46.6,32.3,81.8,544.0,118.4,62.8,60.8,6.84,9.55,2.3,2.63
Sugarcane,Loamy,53.5,23.9,46.5,2500.0,157.3,53.0,81.6,7.12,9.1,4.6,60.33
Potato,Sandy,45.6,7.8,33.5,1125.0,130.5,62.6,95.3,4.97,7.25,2.1,17.71
Cotton,Black,40.6,33.6,60.1,642.7,33.0,68.2,22.8,6.33,3.76,1.1,1.74
Sugarcane,Black,58.2,12.4,73.9,1707.0,124.1,58.4,81.0,6.29,0.59,3.7,67.83
Wheat,Black,25.4,16.3,59.2,992.9,180.7,87.3,38.2,8.31,0.67,1.0,2.58
Rice,Red,71.7,21.7,41.3,742.1,95.6,65.1,76.7,5.0,8.96,3.7,3.85
Maize,Alluvial,42.2,34.2,59.9,946.3,128.6,61.2,5.0,5.53,7.29,2.2,2.48
Tomato,Loamy,40.1,28.7,38.8,129.1,108.0,81.0,110.3,6.96,3.02,3.2,25.17
Rice,Loamy,74.2,36.3,69.4,1134.0,140.6,5.0,101.3,4.64,4.97,5.6,3.21
Tomato,Clay,44.6,25.4,59.0,471.7,93.5,59.8,97.2,7.05,2.29,2.1,25.63
Sugarcane,Red,79.9,18.8,33.3,1222.8,127.0,68.4,44.1,7.09,7.39,4.2,60.87
Cotton,Loamy,36.8,27.2,76.2,462.1,135.6,31.9,56.7,6.45,3.51,1.9,1.93
Rice,Red,57.1,16.9,61.5,1430.5,114.5,47.1,33.5,5.78,9.97,4.2,3.86
Cotton,Black,43.3,41.9,60.6,717.3,102.1,43.5,58.9,6.66,8.64,4.0,1.81
Maize,Sandy,5.3,22.5,52.6,739.1,132.9,62.8,30.5,6.51,5.4,3.1,2.61
Rice,Red,52.8,35.0,59.8,486.8,73.7,67.0,69.8,4.96,1.62,3.5,3.51
Sugarcane,Sandy,80.9,16.3,53.2,1716.3,140.6,11.6,55.2,4.93,3.52,5.4,51.32
Potato,Black,61.1,16.2,60.4,794.3,60.5,58.5,125.1,6.47,2.36,0.8,19.04
Potato,Black,72.8,28.9,70.8,20.0,123.7,91.7,87.1,5.65,2.08,2.4,15.97
Sugarcane,Clay,45.1,15.0,47.1,1055.1,154.4,79.7,72.1,5.9,7.36,3.1,59.34
Cotton,Sandy,41.8,45.0,44.1,429.0,101.7,60.8,5.0,8.04,7.83,2.4,1.64
Wheat,Loamy,32.4,18.9,64.0,1002.7,120.0,46.5,76.1,5.35,8.04,2.4,2.71
Potato,Sandy,59.5,15.7,68.2,533.6,97.4,73.8,78.3,5.51,9.71,0.0,21.49
Rice,Black,92.7,41.4,67.1,1101.1,85.8,13.1,26.8,6.08,9.36,2.8,3.65
Potato,Loamy,61.1,38.0,55.2,536.1,145.4,68.6,131.8,4.24,1.95,1.6,17.62
Rice,Alluvial,81.0,36.1,38.7,1883.4,24.7,34.6,38.5,6.47,0.55,2.4,3.58
Rice,Black,82.1,45.0,52.1,2038.0,99.7,44.4,27.2,5.84,9.27,2.9,3.79
Sugarcane,Sandy,35.3,40.1,76.0,1641.2,145.7,69.9,40.6,5.59,9.68,3.5,60.45
Tomato,Sandy,60.9,9.7,55.3,180.1,124.5,89.9,126.5,5.8,9.02,2.1,25.2
Rice,Alluvial,95.0,34.2,53.4,716.9,135.9,66.8,67.7,5.93,7.5,5.8,3.33
Potato,Clay,72.5,19.9,39.5,245.3,154.4,105.5,126.4,5.78,5.06,1.7,19.45
Tomato,Sandy,72.8,23.4,71.7,488.5,121.7,131.0,96.0,5.1,1.84,2.7,26.44
Wheat,Loamy,41.4,19.5,56.0,959.9,153.9,57.9,5.2,6.58,8.97,2.1,3.1
Cotton,Alluvial,37.8,37.7,64.1,424.4,58.4,49.0,48.9,6.79,1.31,2.2,1.76
Cotton,Sandy,71.4,33.3,63.1,733.0,142.4,32.5,47.2,6.64,4.36,2.9,1.64
Tomato,Sandy,34.1,40.5,36.8,336.4,84.9,64.6,68.8,5.56,7.35,2.4,23.81
Wheat,Alluvial,40.7,18.0,64.2,164.2,129.2,58.1,38.4,6.92,8.05,2.0,3.14
Sugarcane,Clay,45.7,13.7,82.1,1913.7,174.4,65.7,16.6,8.18,6.64,3.9,51.62
Tomato,Sandy,75.5,14.5,68.2,630.4,120.0,79.4,123.7,5.67,1.49,2.5,26.06
Rice,Red,92.5,38.0,87.9,508.2,148.9,53.7,90.0,5.68,2.45,4.9,3.07
Maize,Sandy,64.0,28.1,43.2,20.0,152.5,70.6,15.3,5.25,6.95,1.0,2.52
Rice,Clay,75.4,32.1,54.5,1989.8,127.1,42.4,10.2,7.06,4.45,3.0,3.81
Tomato,Loamy,64.4,14.8,42.5,639.7,138.1,60.2,71.3,7.22,5.57,1.4,25.14
Tomato,Clay,57.6,25.6,61.3,610.4,119.4,71.3,83.3,6.37,7.38,4.1,29.89
Tomato,Red,69.9,23.6,76.7,647.8,96.4,90.4,94.2,5.82,2.29,3.9,27.51
Rice,Loamy,72.2,11.7,77.3,1370.5,99.3,46.4,36.6,5.72,9.16,3.0,4.24
Wheat,Alluvial,43.2,17.1,57.4,761.6,92.9,56.7,88.3,6.45,3.08,2.8,3.11
Sugarcane,Alluvial,42.2,39.0,75.1,829.4,156.4,94.5,59.0,6.11,4.9,6.0,56.73
Maize,Loamy,95.0,24.5,79.4,309.8,118.2,38.4,37.5,6.45,3.79,2.6,2.56
Sugarcane,Black,67.8,33.2,76.2,1270.9,137.2,68.2,64.7,7.54,3.71,4.6,58.53
Maize,Black,69.8,12.6,61.3,1034.4,163.5,75.5,10.3,6.82,8.73,1.6,2.38
Maize,Sandy,58.1,17.5,64.2,966.0,124.8,62.6,6.6,6.64,9.09,0.7,2.62
Tomato,Black,39.8,14.4,52.4,657.6,57.3,49.3,111.5,7.36,3.18,2.6,22.94
Tomato,Red,80.3,22.0,46.6,694.4,125.1,84.7,68.9,6.6,6.58,2.8,26.28
Sugarcane,Clay,47.1,29.1,51.8,1888.0,165.0,74.5,61.0,4.79,4.9,4.3,56.68
Maize,Black,82.7,24.7,59.5,1163.2,135.2,40.3,47.9,7.1,7.38,3.9,2.35
Cotton,Red,45.6,24.7,58.4,485.2,103.6,33.1,34.8,6.67,2.58,1.8,1.93
Rice,Loamy,62.6,21.7,62.9,1138.7,121.3,58.0,11.6,5.23,4.12,2.2,3.79
Cotton,Sandy,46.2,27.6,78.7,89.8,161.8,33.1,59.5,6.51,3.06,3.5,1.71
Wheat,Loamy,66.1,19.8,40.8,771.6,125.9,113.8,16.4,6.3,4.46,0.3,2.92
Maize,Red,21.1,29.8,73.3,443.4,129.2,27.4,27.5,6.39,6.15,3.9,2.62
Sugarcane,Clay,29.9,21.3,55.5,1630.9,153.2,77.3,55.4,7.27,3.66,3.6,59.35
Wheat,Alluvial,68.0,21.5,57.1,941.5,132.7,37.4,38.2,6.23,9.87,1.8,2.98
Cotton,Black,36.7,27.1,37.8,974.3,96.9,50.8,60.0,6.37,2.52,4.3,1.8
Sugarcane,Sandy,47.6,27.5,36.5,1216.9,152.3,54.7,68.2,7.08,2.87,4.6,64.86
Sugarcane,Alluvial,58.1,28.5,64.2,1452.7,119.9,69.5,106.7,6.19,9.98,4.2,57.87
Potato,Red,46.8,10.3,55.4,471.1,152.0,85.9,135.4,4.94,6.46,1.0,18.82
Wheat,Clay,73.8,16.1,81.1,660.9,93.7,88.3,9.8,5.86,5.98,1.4,3.1
Potato,Loamy,78.8,7.3,84.7,582.1,102.1,40.0,53.2,5.22,6.32,2.2,17.92
Sugarcane,Red,93.5,24.2,37.1,1570.3,146.2,27.7,31.9,5.5,3.71,5.0,53.72
Potato,Alluvial,47.3,5.0,56.3,375.2,104.5,88.3,116.5,5.69,6.96,2.0,19.5
Rice,Loamy,75.6,31.6,81.0,1664.6,83.8,48.0,66.8,6.85,4.99,3.2,4.1
Sugarcane,Clay,69.9,28.7,43.5,1523.2,168.9,47.0,87.6,6.2,9.52,3.5,69.79
Wheat,Loamy,26.5,18.3,58.6,523.7,113.5,66.7,35.7,6.45,9.22,2.2,3.09
Cotton,Black,48.3,38.5,40.2,1354.1,91.5,14.8,104.9,5.95,3.17,2.9,1.56
Sugarcane,Red,65.3,36.6,59.0,1356.7,200.0,75.9,35.4,5.82,4.12,4.6,60.18
Cotton,Loamy,28.6,27.2,57.5,191.3,86.5,73.6,74.3,7.08,9.18,3.6,1.68
Maize,Red,55.8,28.0,41.8,599.2,145.9,40.7,23.2,6.03,8.93,2.8,2.75
Sugarcane,Alluvial,61.8,27.2,54.5,1622.5,200.0,62.4,46.4,5.84,8.72,2.5,73.28
Rice,Sandy,53.1,23.7,67.2,1256.6,131.8,55.9,58.8,5.43,4.38,3.1,3.86
Rice,Red,95.0,27.9,67.5,940.9,114.9,40.6,9.0,6.34,1.73,0.9,3.86
Sugarcane,Sandy,76.0,23.1,83.2,1376.5,99.8,86.2,98.5,6.16,6.04,3.4,61.23
Wheat,Sandy,30.6,22.3,63.9,721.9,96.7,101.2,71.6,7.29,8.98,2.0,3.16
Potato,Loamy,50.2,20.6,40.4,359.9,151.4,100.2,106.5,5.14,7.52,0.8,21.21
Sugarcane,Alluvial,73.1,33.3,68.8,2313.8,197.1,63.9,65.0,6.1,9.97,3.3,61.23
Sugarcane,Red,56.9,22.8,61.5,660.3,106.6,77.2,40.1,7.36,9.26,3.2,64.75
Sugarcane,Sandy,47.5,15.8,59.1,1201.8,168.4,83.6,61.6,7.16,1.45,5.4,60.76
Sugarcane,Red,81.7,27.8,51.4,2002.4,161.4,100.9,62.2,5.67,3.89,4.7,63.18
Wheat,Red,45.8,20.6,35.2,324.3,153.7,68.6,87.7,5.67,8.63,0.5,3.01
Cotton,Clay,34.7,24.4,68.0,21.4,149.3,30.8,5.0,6.99,3.31,1.8,1.68
Rice,Sandy,53.5,27.5,67.6,1157.8,90.6,45.7,77.1,5.79,7.36,3.8,4.43
Cotton,Sandy,12.3,31.2,73.4,964.5,71.4,39.3,57.1,6.62,4.78,3.4,1.67
Maize,Clay,63.6,28.7,51.1,1299.5,179.5,48.3,87.0,6.33,8.96,2.0,2.49
Wheat,Black,60.8,15.3,43.5,507.4,111.3,46.5,28.7,7.23,1.34,1.1,3.34
Maize,Loamy,48.7,23.4,73.2,764.0,146.8,88.5,86.9,5.22,4.72,3.0,2.55
Cotton,Red,35.7,37.4,54.4,574.4,128.5,62.1,26.9,7.35,1.48,0.6,1.93
Cotton,Loamy,34.7,27.6,67.6,866.7,87.6,48.3,31.0,7.07,5.64,2.8,1.96
Tomato,Sandy,81.2,24.0,52.0,595.4,98.8,81.8,73.4,5.64,9.14,2.1,27.2
Tomato,Alluvial,44.0,30.4,91.3,479.5,107.8,64.4,63.4,6.97,9.6,3.3,25.67
Tomato,Sandy,64.4,13.1,75.0,353.1,161.6,62.9,84.7,5.64,9.84,1.9,26.06
Maize,Loamy,72.4,29.8,61.0,1241.2,132.0,86.5,44.4,5.38,9.55,2.6,2.6
Maize,Alluvial,47.8,29.8,53.9,969.5,68.3,39.6,64.5,6.0,2.3,1.8,2.57
Rice,Clay,94.0,44.1,43.1,974.9,96.9,35.1,71.2,5.32,6.52,2.8,3.88
Rice,Clay,63.1,34.2,70.7,1088.1,95.7,41.3,45.7,5.23,7.03,4.3,4.02
Sugarcane,Black,75.7,28.5,49.3,870.4,136.3,100.6,82.2,6.06,1.97,4.2,54.74
Potato,Loamy,86.1,31.9,69.1,343.3,76.5,100.9,111.2,5.25,8.44,2.5,18.39
Sugarcane,Black,43.0,43.8,49.7,1837.2,114.1,66.7,82.1,7.38,4.52,3.4,57.32
Tomato,Sandy,82.1,23.8,64.3,722.7,127.6,67.5,108.6,5.8,6.31,0.6,24.94
Potato,Alluvial,51.1,13.2,76.5,597.4,110.9,54.5,107.6,4.0,8.19,3.2,19.66
Maize,Red,27.9,40.3,76.5,854.7,122.0,44.7,38.2,7.16,9.28,2.2,2.53
Sugarcane,Alluvial,78.2,33.4,71.0,762.9,184.0,71.3,32.9,6.48,0.55,4.5,63.34
Potato,Clay,52.7,7.8,55.6,316.1,100.7,34.8,58.2,5.32,8.58,0.8,17.35
Cotton,Loamy,31.4,26.4,61.4,467.9,117.1,96.0,29.4,7.31,8.86,1.7,1.82
Maize,Black,50.5,24.6,70.4,927.4,182.7,63.4,5.0,6.89,5.83,3.5,2.71
Wheat,Clay,71.1,18.1,62.8,562.0,107.8,57.7,72.1,5.23,1.63,2.2,3.04
Potato,Alluvial,81.2,12.7,84.8,753.7,112.0,31.3,58.3,4.97,7.77,1.2,17.58
Potato,Clay,54.4,16.3,62.5,492.2,69.8,75.8,99.4,6.29,6.19,1.8,19.85
Potato,Alluvial,76.7,6.1,56.3,616.1,137.6,80.1,113.6,4.85,6.34,0.9,19.48
Potato,Sandy,36.2,23.4,40.7,413.9,133.6,78.7,106.5,4.65,2.41,2.6,19.95
Potato,Clay,63.2,8.2,58.2,591.6,163.8,80.0,110.6,4.75,3.57,3.3,17.73
Rice,Loamy,62.8,29.9,68.4,774.3,86.9,62.5,60.7,4.4,2.51,4.1,4.03
Rice,Loamy,57.7,36.2,52.7,1255.9,67.7,56.7,38.6,6.84,3.17,1.9,3.64
Wheat,Black,49.2,36.5,55.6,856.1,120.8,115.3,5.0,5.93,2.45,1.7,3.06
Wheat,Clay,52.2,23.3,72.6,769.8,106.3,81.4,12.3,6.76,5.59,2.8,3.16
Tomato,Red,26.8,18.2,72.3,528.5,115.4,50.9,75.2,7.3,9.79,1.2,25.1
Maize,Sandy,20.3,40.2,73.1,1606.7,151.7,78.4,33.1,6.17,3.52,0.8,2.14
Potato,Sandy,67.0,13.9,71.3,554.4,106.6,73.7,100.1,5.32,9.98,0.9,21.79
Cotton,Alluvial,29.7,35.3,53.7,424.4,25.4,29.2,29.0,6.57,7.74,1.5,1.61
Wheat,Sandy,47.8,13.2,83.5,910.7,85.0,80.3,70.5,5.59,3.82,1.5,2.74
Tomato,Black,47.8,27.0,61.2,415.4,95.5,43.8,104.8,6.76,2.47,1.4,27.3
Rice,Alluvial,86.6,15.3,60.7,1717.9,70.9,72.4,76.7,5.01,7.2,1.9,3.37
Maize,Red,19.4,13.6,46.1,359.3,149.8,78.2,32.2,6.81,4.91,1.9,2.48
Rice,Black,49.8,21.0,64.9,1152.7,122.1,12.3,8.8,4.78,2.34,4.7,3.6
Cotton,Red,45.8,34.0,82.7,1056.9,79.1,16.6,34.2,7.78,4.97,3.3,1.48
Cotton,Black,51.5,45.0,75.9,1059.6,106.6,69.4,32.1,7.64,6.94,2.3,1.7
Potato,Black,51.6,18.8,44.6,559.0,68.4,100.9,101.2,5.08,4.18,2.2,20.92
Potato,Loamy,42.3,11.2,69.9,312.2,121.8,82.5,107.8,6.19,4.18,1.2,19.16
Tomato,Loamy,44.8,37.4,90.3,878.5,104.2,34.4,31.4,5.81,8.3,4.5,20.75
Cotton,Alluvial,24.0,20.3,63.8,826.5,111.8,29.3,66.3,7.34,9.44,1.9,1.66
Tomato,Red,67.4,21.1,83.8,567.3,95.4,69.8,91.6,5.72,7.33,3.0,26.72
Tomato,Sandy,64.7,36.6,71.7,193.2,104.9,64.5,96.4,7.17,1.16,0.6,24.84
Maize,Black,61.6,27.0,79.9,20.0,137.0,62.1,5.0,6.13,6.23,0.1,2.72
Potato,Clay,77.7,25.3,52.7,348.7,114.9,59.0,92.2,5.89,4.05,2.4,19.67
Potato,Sandy,67.5,10.6,87.1,643.9,110.0,69.8,92.2,4.69,3.2,1.5,19.51
Wheat,Sandy,32.4,25.5,57.9,705.0,113.9,88.3,16.9,6.13,2.09,2.6,3.55
Potato,Sandy,70.6,26.0,61.4,325.2,128.3,91.3,106.5,6.49,3.41,1.3,17.53
Wheat,Alluvial,41.0,8.5,67.2,182.1,124.2,64.8,62.1,7.93,5.14,1.7,2.78
Tomato,Red,47.1,14.1,74.8,557.5,137.5,63.8,73.6,5.44,1.93,1.1,28.35
Cotton,Alluvial,24.4,19.2,65.3,478.7,153.4,77.3,37.2,7.83,2.34,3.1,1.6
Tomato,Alluvial,47.1,20.1,64.5,240.8,157.0,51.9,74.2,7.71,7.07,2.7,25.24
Sugarcane,Sandy,61.1,45.0,69.2,1108.7,127.0,40.9,26.3,5.97,4.59,5.7,56.88
Potato,Alluvial,45.4,23.3,56.8,20.0,72.3,94.4,59.1,6.1,1.03,2.5,14.99
Tomato,Alluvial,42.6,15.4,47.1,345.8,123.5,96.2,95.1,5.75,4.53,0.9,26.44
Rice,Loamy,69.1,31.5,35.9,1255.2,106.6,79.2,117.9,4.76,5.17,4.1,4.01
Maize,Clay,26.6,14.1,34.0,877.5,149.8,43.7,78.1,5.67,5.55,1.9,2.62
Wheat,Black,22.4,23.7,60.5,821.4,146.4,62.3,5.0,7.25,3.31,3.1,3.04
Wheat,Loamy,22.0,13.3,63.5,1338.0,94.9,54.7,66.9,6.49,8.93,3.5,3.03
Rice,Alluvial,75.3,28.7,67.3,1221.5,100.0,73.9,87.9,4.79,1.03,4.6,4.06
Sugarcane,Sandy,77.0,25.1,31.3,998.2,176.9,15.2,89.7,6.92,4.79,4.1,62.94
Maize,Loamy,72.9,31.4,50.1,728.2,124.0,43.6,63.9,5.24,0.67,1.4,2.67
Maize,Loamy,23.2,25.2,77.4,639.9,94.8,76.8,82.1,5.68,9.75,1.9,2.65
Tomato,Loamy,46.4,27.1,84.3,328.4,70.0,82.6,110.0,6.3,8.24,2.0,27.37
Cotton,Clay,49.5,21.9,60.7,160.7,120.6,44.8,39.1,6.97,9.13,1.7,1.77
Wheat,Red,55.6,20.7,71.5,780.2,107.2,57.5,36.3,6.9,0.6,2.3,3.15
Maize,Alluvial,36.3,28.6,61.8,827.3,144.1,83.8,48.6,6.15,6.03,2.7,3.05
Maize,Loamy,39.4,18.0,45.0,247.6,113.6,56.5,42.6,5.98,5.6,4.3,2.51
Cotton,Black,74.3,20.2,88.3,286.3,107.2,24.5,50.4,7.31,9.31,2.0,1.66
Cotton,Loamy,29.8,34.5,50.2,897.5,136.7,16.6,78.3,8.65,9.19,1.6,1.73
Wheat,Clay,48.3,11.5,62.1,811.9,135.5,81.3,20.6,6.07,5.1,1.0,3.23
Potato,Loamy,58.6,17.5,47.7,922.1,104.2,57.5,88.7,4.0,2.45,1.0,18.2
Sugarcane,Clay,41.4,38.5,52.3,1187.5,123.3,71.1,109.5,5.27,5.46,4.5,47.6
Tomato,Sandy,48.5,24.0,61.3,279.0,117.4,45.1,66.4,6.82,6.85,2.7,25.92
Sugarcane,Sandy,51.1,24.2,65.0,1206.0,154.3,81.5,84.0,7.13,3.0,2.8,61.71
Maize,Red,46.9,22.8,95.0,1008.7,112.3,62.0,31.6,6.09,4.26,2.5,2.64
Rice,Alluvial,25.2,36.7,76.3,1059.9,121.5,32.8,38.2,7.2,3.32,2.6,3.56
Wheat,Red,43.9,21.4,78.0,654.7,107.4,80.9,43.0,5.9,5.81,0.0,3.4
Wheat,Loamy,45.1,20.4,79.1,720.7,145.6,60.2,66.4,6.82,1.91,2.4,3.51
Wheat,Clay,44.3,18.0,76.6,243.7,107.3,80.6,47.9,6.46,7.95,1.9,3.34
Wheat,Clay,74.1,16.7,55.2,474.0,117.4,48.3,52.2,6.66,2.75,3.1,3.24
Tomato,Alluvial,37.2,19.1,52.0,1066.0,97.1,103.6,58.3,5.51,2.51,1.9,23.06
Rice,Clay,55.3,36.3,78.4,1570.2,115.7,51.9,37.6,5.24,2.14,5.1,3.91
Rice,Sandy,51.1,29.4,41.1,618.6,142.9,44.8,65.9,6.7,0.71,5.1,3.82
Rice,Alluvial,59.9,28.4,70.2,1297.8,132.5,42.3,66.8,4.56,6.66,4.2,4.13
Potato,Loamy,39.2,22.4,54.2,492.5,132.6,63.2,87.5,5.76,2.66,1.9,19.2
Tomato,Alluvial,84.7,19.4,42.8,674.2,125.7,74.3,57.0,5.36,5.93,3.0,22.82
Tomato,Alluvial,75.2,33.6,44.0,258.3,93.1,67.1,95.4,7.32,3.31,1.8,22.77
Potato,Black,68.1,17.3,65.8,289.0,141.2,66.9,64.5,5.88,5.05,3.0,19.18
Cotton,Alluvial,45.2,34.1,78.4,1177.7,144.2,53.8,78.1,7.14,2.71,2.0,1.73
Sugarcane,Sandy,61.9,29.7,91.4,1705.3,149.6,53.4,82.4,6.23,8.83,5.0,70.39
Rice,Black,48.0,13.3,70.5,1233.5,111.7,84.4,34.6,7.03,7.44,1.9,3.5
Cotton,Red,32.5,43.3,86.9,796.4,110.6,54.8,60.9,6.89,6.55,3.2,1.87
Potato,Sandy,58.0,15.5,88.5,527.0,61.3,75.2,124.8,4.76,3.13,1.2,21.47
Sugarcane,Alluvial,58.7,22.6,69.0,2458.9,150.4,69.8,45.7,5.2,2.42,3.8,52.76
Potato,Red,45.2,29.0,47.2,674.3,139.5,106.7,95.4,6.56,8.1,2.0,16.69
